-- phpMyAdmin SQL Dump
-- version 5.0.2
-- https://www.phpmyadmin.net/
--
-- Vært: 127.0.0.1
-- Genereringstid: 20. 05 2022 kl. 15:41:33
-- Serverversion: 10.4.11-MariaDB
-- PHP-version: 7.4.6

SET SQL_MODE = "NO_AUTO_VALUE_ON_ZERO";
START TRANSACTION;
SET time_zone = "+00:00";


/*!40101 SET @OLD_CHARACTER_SET_CLIENT=@@CHARACTER_SET_CLIENT */;
/*!40101 SET @OLD_CHARACTER_SET_RESULTS=@@CHARACTER_SET_RESULTS */;
/*!40101 SET @OLD_COLLATION_CONNECTION=@@COLLATION_CONNECTION */;
/*!40101 SET NAMES utf8mb4 */;

--
-- Database: `kynetic_pt_1`
--

-- --------------------------------------------------------

--
-- Struktur-dump for tabellen `customers`
--

CREATE TABLE `customers` (
  `customer_id` int(11) NOT NULL,
  `customer_name` varchar(128) NOT NULL,
  `customer_cvr` varchar(8) DEFAULT '0',
  `customer_color` varchar(10) NOT NULL
) ENGINE=InnoDB DEFAULT CHARSET=latin1;

--
-- Data dump for tabellen `customers`
--

INSERT INTO `customers` (`customer_id`, `customer_name`, `customer_cvr`, `customer_color`) VALUES
(1, 'byRavn DK', '98765432', '#F74F4F'),
(2, 'Bloomit', '282828', '#9D8550'),
(3, 'Charge', '292929', '#005844'),
(4, 'Vestermark', '303030', '#509A4A'),
(11, 'Muehlhan', '131189', '#009EE3'),
(12, 'Achoo', NULL, '#4D5B71'),
(13, 'Dun & Bradstreet', NULL, '#00B2AA'),
(15, 'Bonnier Publications', NULL, '#718E09'),
(16, 'Borg group', NULL, '#DC052D'),
(17, 'By Garment Makers', NULL, '#EEEDE7'),
(19, 'Center for hospitalsbørn', NULL, '#EBF3E7'),
(20, 'Chorines', NULL, '#C97E70'),
(21, 'Clearview Trade', NULL, '#FFBB10'),
(22, 'Codeex', NULL, '#007DAE'),
(23, 'Concilio', NULL, '#EB835E'),
(24, 'Cookie Information', NULL, '#FF9200'),
(25, 'DSG Industri', NULL, '#0B4B86'),
(26, 'duka', NULL, '#F4DC70'),
(27, 'Elin Solheim', NULL, '#F3D952'),
(28, 'FJ Industries', NULL, '#B20933'),
(30, 'Fred. Olsen', NULL, '#009FE3'),
(31, 'Fruerlund Care', NULL, '#009D4F'),
(32, 'Garnværkstedet', NULL, '#1CBAA8'),
(33, 'GATHERBOX', NULL, '#F24412'),
(34, 'GWEC', NULL, '#174496'),
(35, 'Hello Retail', NULL, '#D11C6B'),
(36, 'KKREAFUNK ApS', NULL, '#BAA18D'),
(37, 'Kontormøbler.dk', NULL, '#E48049'),
(38, 'KVUC', NULL, '#1C63BB'),
(39, 'MN Retail', NULL, ''),
(40, 'Mover', NULL, '#9EE5EC'),
(42, 'NetIP', NULL, '#FE8326'),
(43, 'Nørrebro Bryghus', NULL, '#EB7203'),
(44, 'OfficeLab', NULL, '#B68C20'),
(45, 'PenSam', NULL, '#89FFC5'),
(46, 'SEGES', NULL, '#B4C6B0'),
(47, 'Socialdemokratiet Aarhus', NULL, '#F04D46'),
(48, 'SPACELOCATOR', NULL, '#3813F0'),
(49, 'Stevns Erhvervsråd', NULL, '#09BFFF'),
(50, 'The Jewellery Room', NULL, '#F5F5F5'),
(51, 'Heatlets og Tietze', NULL, '#84BD00'),
(52, 'Verdo El-salg', NULL, '#84BD00'),
(54, 'Woods', NULL, '#EEEBE8'),
(55, 'Zangenberg', NULL, '#B01C33'),
(56, 'KYNETIC', '39694972', '#cccccc'),
(58, 'KYNETIC Marketing', '1239875', '#a3a3a3'),
(59, 'DanSteam', '41939516', '#3CA4CE'),
(62, 'byRavn NO', '23234', '#F74F4F'),
(63, 'byRavn SE', '2342343', '#F74F4F'),
(64, 'byRavn DE', '33333', '#F74F4F'),
(65, 'KONPAP / Redoffice', '8882', '#993333'),
(66, 'BMC', '88381', '#298E21'),
(67, 'Hairdo', '038883', ''),
(68, 'Boxbike', '28822', '#0171B9'),
(69, 'NovaSolar', '88882', '#F2601A'),
(70, 'Display.dk', '3333', '#E30513'),
(71, 'Lifetime Kidsroom', '33335', '#737E6D'),
(72, 'Sadolin Farveland', '35399593', 'Blue'),
(73, 'Det Danske Madhus', '27385354', '#147685'),
(74, 'Krea Deluxe', '36732571', '#f2f2f2'),
(75, 'X Test Customer', '22222222', '#6777ef'),
(76, 'Cadpeople', '0', ''),
(77, 'Flowering', '40180222', '#FDE9D9');

-- --------------------------------------------------------

--
-- Struktur-dump for tabellen `customers_projects`
--

CREATE TABLE `customers_projects` (
  `customer_project_id` int(11) NOT NULL,
  `customer_id` int(11) NOT NULL,
  `customer_project_name` varchar(255) NOT NULL
) ENGINE=InnoDB DEFAULT CHARSET=latin1;

--
-- Data dump for tabellen `customers_projects`
--

INSERT INTO `customers_projects` (`customer_project_id`, `customer_id`, `customer_project_name`) VALUES
(4, 75, 'Test Project new'),
(5, 75, 'NEW');

-- --------------------------------------------------------

--
-- Struktur-dump for tabellen `customer_sprint_notes`
--

CREATE TABLE `customer_sprint_notes` (
  `customer_sprint_noteid` int(11) NOT NULL,
  `customer_id` int(11) NOT NULL,
  `sprint_id` int(11) NOT NULL,
  `person_id` int(11) NOT NULL,
  `note_text` text NOT NULL
) ENGINE=InnoDB DEFAULT CHARSET=latin1;

--
-- Data dump for tabellen `customer_sprint_notes`
--

INSERT INTO `customer_sprint_notes` (`customer_sprint_noteid`, `customer_id`, `sprint_id`, `person_id`, `note_text`) VALUES
(1, 1, 3, 0, 'new 22'),
(2, 2, 3, 0, 'bloomit text'),
(3, 3, 3, 0, 'charge notes'),
(4, 4, 3, 0, 'vestermark akhjdkjahwdkj awjd     TEST                                                              '),
(5, 11, 3, 0, ''),
(6, 56, 6, 0, ''),
(7, 58, 6, 0, ''),
(8, 72, 6, 0, ''),
(9, 73, 6, 0, ''),
(10, 75, 6, 0, ''),
(11, 1, 4, 0, 'dette er en test 2'),
(13, 2, 4, 0, ''),
(14, 3, 4, 0, 'test'),
(15, 4, 4, 0, ''),
(16, 15, 4, 0, ''),
(17, 17, 4, 0, ''),
(18, 20, 4, 0, ''),
(19, 1, 5, 0, '- Efterspørgselsanalyser er fokus i denne måned -> SEO strategi i Marts<br/>- DE -> genaktiver google search ads der tidligere har performet (men med lavt spend)<br/>- Tag billede af nye smykkeprodoukter og tease på social<br/>- Tommy følger op med Peter Stjerne i Google shopping -> Jakob har sendt herom<br/>- Tour de france nøglering'),
(20, 2, 5, 0, 'CDP udvikling<br/>-	Tommy laver DM plan herfor<br/>-	Udvikling sker i uge 5 såfremt godkendelse.<br/>Social:<br/>-	Valentine fokus<br/>-	Kreativer på Valentine lykkehjul. Separat budget.<br/>-	Conversion API gennem Segment sættes op uge 5 hvis godkendelse på DM plan<br/>SEO:<br/>-	Kort dataanalyse: Hvorfor ser vi et dyk i performance.<br/>-	Påske: ”påskeæg til voksne”, ”påskebuketter” (collection). Hvad giver mening?<br/>-	Løbende linkbuilding<br/>-	Briefing på onpage contenteksekveringer<br/>Google Ads:<br/>-	Valentine fokus<br/>-	Berigelse af feed - Channable <br/>-	Omstrukturering af account til hagakure (kræver dog kundens accept)<br/>MA: (moon briefer)<br/><br/>Kampagneplanning:<br/>-	Formål, budskab, målsætninger?<br/>-	Taktik til occasions<br/>-	Skjulte LP’er til occasions – Fx mors dags buket landingpage til opsamling af permissions hele året rundt<br/><br/>Projekter til indsalg:<br/>-	CRO <br/>-	Affiliate til occasions<br/>'),
(21, 73, 8, 0, ''),
(22, 74, 8, 0, ''),
(23, 2, 6, 0, 'CDP udvikling<br/>- Tommy laver DM plan herfor<br/>- Udvikling sker i uge 5 såfremt godkendelse.<br/>Social:<br/>- Topfunnel, brandpositionering. Vi kommer med bud på hvad der skal defineres.<br/>- Conversion API gennem Segment sættes op deadline marts.<br/>SEO:<br/>- Følg op på dataanalyse actions.<br/>- Følg op på om Påskeblomster LP er optimeret fra kundens side?<br/>- Løbende linkbuilding med fokus på påske<br/>- Briefing på onpage contenteksekveringer til mors dag.<br/>Google Ads:<br/>-	Valentine fokus<br/>-	Berigelse af feed - Channable <br/>-	Omstrukturering af account til hagakure (kræver dog kundens accept)<br/>MA: (moon briefer)<br/><br/>Kampagneplanning:<br/>-	Formål, budskab, målsætninger?<br/>-	Taktik til occasions<br/>-	Skjulte LP’er til occasions – Fx mors dags buket landingpage til opsamling af permissions hele året rundt<br/><br/>Projekter til indsalg:<br/>-	CRO <br/>-	Affiliate til occasions<br/>'),
(24, 1, 6, 0, 'Tenna og Peter:<br/>- Opdaterer kampagneplan<br/>- Opretter Google Drev mappe til samling af kreativer<br/>- Tænker 1. april kampagne -> Kan det noget?<br/><br/>KYNETIC:<br/>- 3 x fokus: Kampagne 15% på greb + Bordkort (bryllup/konfirmation) + produktnyheder<br/>- Tommy opsætter møde med Peter og Tenna til gennemgang af efterspørgselsanalysen<br/><br/>Noter:<br/>- Greb + bordkort skal drive primært salg i marts<br/>- Smykker -> kommer på lager ca. medio april<br/><br/>Target omsætninger for marts inkl. moms:<br/>- DK: ca 450.000 DKK<br/>- NO: ca 300.000 NOK<br/>- SE: 140-150.000 SEK'),
(25, 3, 6, 0, 'TEST'),
(26, 15, 6, 0, 'Paid Search:<br/>- Opgaver: Shopping afviste produkter. 0krs produkt-løsning. Sammenlægning af kampagnestruktur på kampagneniveau ifm udfasning af ETA\'er. Stresstest kampagne på lead gen - god start på den.<br/>Midfunnel test afsluttet (præmis mikrokonvertering - evaluerings kriterie salg)<br/>Road map: Q1 kampagnestrukt, ETA udfasning, Udrulning af Smartshopping og feed. Dashboard feedback. Lead gen test (stresstest)<br/>- Deadlines: Juni for kampagne struktur. resten er løbende.<br/>Organic Search:<br/>- Opgaver: Magnus er blevet primær person på denne. Alt er live og processen kører godt med.<br/>- Deadlines: Update på resulater i midt/slut marts til feedback til bonnier - Klynge/magnus er på denne.<br/>Analytics:<br/>- Opgaver: Generelt fin optstart. \"SEO basker\"-analyse på HIS/ILL uden Paywall. Nye opgaver: Andele i digitalt salg imellem lande + performance af \"slideins i footer\". Har ikke kigget på CRO test endnu pga andet fokus i organisationen.<br/>- Deadlines: Ikke eksplicitte deadlines, udover at SE opgaver har højest prio.<br/>Paid Social:<br/>- Opgaver: Splittest af CPO m. lowest costs/cost cap - Spark AR skal nu testes af i strukturen i DK, som har til formål at højne engagements i DPA.<br/>- Deadlines: Produktion af AR i marts og test i april mdr. MK bygger & præsenterer Paid Social road map for KYNETIC team (JS/MM) og derefter også for Bonnier Social team (vigtigt Pelle er med på denne mød)<br/>Lead Gen- lead:<br/>- MM/JS er på en mulig opgave her.'),
(27, 32, 6, 0, 'test'),
(28, 13, 6, 0, '-'),
(29, 75, 8, 0, ''),
(30, 74, 6, 0, ''),
(31, 2, 7, 0, 'CDP udvikling<br/>- Aktivering af data og segmenter og drage så mange indsigter fra setup\'et som muligt.<br/>Social:<br/>- Påske performance fokus.<br/>SEO:<br/>- Løbende linkbuilding med fokus.<br/>- Briefing på onpage contenteksekveringer.<br/>MA:<br/>- Opfølgning abandonned cart (længerevarende pga. få data)<br/>- Remarketing på påskeblomster'),
(32, 15, 7, 0, 'Paid Search:<br/>- Opgaver: <br/>Shopping afviste produkter. <br/>Supplerende feeds til google snakker klynge med Bonnier om (forkert mediekode fra tidligere, kun på FB)<br/>Sammenlægning af kampagnestruktur på kampagneniveau ifm udfasning af ETA\'er. <br/>Stresstest kampagne på lead gen - går fortsat godt.<br/>Midfunnel test afsluttet (præmis mikrokonvertering - evaluerings kriterie salg)<br/><br/>Road map: <br/>Q1 kampagnestruktur, ETA udfasning, Udrulning af Smartshopping og feed. Dashboard feedback. Lead gen test (stresstest)<br/>- Deadlines: Juni for kampagne struktur. resten er løbende.  <br/><br/>Organic Search:<br/>- Opgaver: Magnus er blevet primær person på denne. Alt er live og processen kører godt med på link projektet.<br/>- Deadlines: Update på resulater i midt/slut marts til feedback til bonnier - Klynge/magnus er på denne.<br/><br/>Analytics:<br/>- Opgaver: Generelt fin optstart. \"SEO basker\"-analyse på HIS/ILL uden Paywall. <br/>Nye opgaver: Andele i digitalt salg imellem lande + performance af \"slideins i footer\", som kommer til at blive fokus for april.<br/>Har ikke kigget på CRO test endnu pga andet fokus i organisationen.<br/>- Deadlines: Ikke eksplicitte deadlines, udover at SE opgaver har højest prio.<br/><br/>Paid Social:<br/>- Opgaver: <br/>Marts har haft fokus på Spark frem for DPA. Spark Lanceres i dag 1/4. DM planen skiftes om, til at have de samme timer, men med kreativt fokus. <br/><br/>- Deadlines: <br/>Produktion af AR i marts og test i april mdr. <br/>MK bygger & præsenterer Paid Social road map for KYNETIC team og derefter også for Bonnier Social team (vigtigt Pelle er med på denne møde)<br/><br/>Lead Gen- lead:<br/>- MM/JS er på en mulig opgave her.'),
(33, 1, 7, 0, 'Tenna og Peter:<br/>- Opdaterer kampagneplan -> Done<br/>- Opretter Google Drev mappe til samling af kreativer - Er det sket?<br/>- Tænker 1. april kampagne -> Kan det noget? -> Droppet<br/>- Shoppen er opsat til mors dag -> Annoncering skal starte op mandag på DK<br/><br/>KYNETIC:<br/>- 3 x fokus: Kampagne 15% på greb + Bordkort (bryllup/konfirmation) + produktnyheder -> Evaluering - hvordan er det gået?<br/><br/>Noter:<br/>- Greb + bordkort skal drive primært salg i marts<br/>- Smykker -> kommer på lager ca. medio april<br/><br/>Target omsætninger for marts inkl. moms:<br/>- DK: ca 450.000 DKK -> Var kun 321. 000 kr.<br/>- NO: ca 300.000 NOK - > Var kun 145.000 kr. total (greb alene solgte for 150.000 kr i marts sidste år (47 i år) -> det var 155.000 i april sidste år)<br/>- SE: 140-150.000 SEK  -> Var kun 123.000 kr.'),
(34, 13, 7, 0, 'April: <br/><br/>Overordnet: <br/>Nyt budget de næste mdr: 40 -> 70.000 kr. <br/>Fordeling: <br/>10.000 til positioning/branding<br/>25.000 til SME<br/>35.000 til Growth<br/><br/>Google Ads: <br/>Opbygning af ny kontostruktur - status?: Styr på keywords. Mangler annoncer, der passer til det, og derefter opsættes struktur. Deadline EOW 14. <br/>Redirects går live. <br/><br/>Paid Social: <br/>Nyt framework og struktur<br/>- Igangsætning af Optimizer kampagne og brand awareness med Bisnode video fra LinkedIn. <br/><br/>Organic Social: <br/>Status på organiske opslag?<br/>-> <br/>Følgere status -> 225<br/><br/><br/>Dashboard -> struktur lavet, deadline for v.1 EOW 14<br/><br/><br/><br/><br/>'),
(35, 50, 7, 0, 'April:<br/>Generelt: <br/>- Ny currency på sitet med USD<br/>- Nye produkter live <br/>- Paypal live - tyskland interessant. <br/><br/>Search:<br/>- Afklaring af feed tool. Simon snakker fre. d. 1. med DFW. Følg op herpå ->KO<br/>- Kom ud med bedste brands i search (top 5 brands). <br/>- Google Shopping skal op og køre. <br/><br/>Social:<br/>- Opsætning af integrationer med Klaviyo og FB til nye audiences ->KO/ TA kan hjælpe<br/><br/>Linkbuilding:<br/>- Magnus skal hjælpe Charlotte med linkbuilding overblik. Kan vi allerede se noget? De mangler lidt indsigt.<br/>'),
(36, 51, 7, 0, 'Generelt konverterer folk ikke så meget i markedet, som de plejer. <br/><br/>SEO: <br/>Opgaver: Content på sitet skal implementeres denne måned fokus er FAQs og vi følger op. <br/>SEO team skal holdes i loopet på implementeringer af content, når det bliver implementeret. <br/><br/>MA:<br/>Moon fraværende/syg på dagen for sprint opstart. <br/><br/>Paid Search:<br/>Opgaver: Meget efterspørgsel i markedet, men meget lidt konvertering, som tilskrives at man kun kan købe 1 palle pr. pers altså udbuddet i markedet.<br/>Fokus er at få ROAS skarp få øje.   <br/><br/>Paid Social:<br/>Satte gang i kampagner på brændetårne i uge 12/13. Sker for lidt på disse - fokus er på optimering af disse. Fokus er at følge performance og udvikle så ROAS passer. <br/>Betalingsgateway er lige blevet skiftet, som kan være årsag her. <br/><br/>CDP: <br/>Jeppe har bolden på denne. '),
(37, 4, 7, 0, 'SEO:<br/>- Lav crawl i Screaming Frog mhp. redirects (MN)<br/>- Strategi: Topic cluster visualiseringer, potentialeberegninger på clucsters, opdatering af contentplan, kunderejsemapping (MN)<br/><br/>Webmanagement: <br/>- Opsætning af landingpages inkl. definition på hvordan en services side ser ud (MN+RV)<br/>- Overflytning af projekter (MN+RV)<br/><br/>Social:<br/>- Opfølgning på nye kreativer (NN)<br/>- Tager kig på MA setup (NN)<br/><br/>Paid Search:<br/>- Dataanalyse, drift af setup og udbygning (RV)<br/>'),
(38, 77, 9, 0, '');

-- --------------------------------------------------------

--
-- Struktur-dump for tabellen `groups`
--

CREATE TABLE `groups` (
  `group_id` int(11) NOT NULL,
  `group_name` varchar(255) NOT NULL
) ENGINE=InnoDB DEFAULT CHARSET=latin1;

--
-- Data dump for tabellen `groups`
--

INSERT INTO `groups` (`group_id`, `group_name`) VALUES
(2, 'Alle'),
(6, 'Dev'),
(7, 'Search'),
(8, 'Paid Search'),
(9, 'Paid Social'),
(10, 'Management'),
(11, 'Client Management'),
(12, 'MA'),
(13, 'Leads');

-- --------------------------------------------------------

--
-- Struktur-dump for tabellen `group_persons`
--

CREATE TABLE `group_persons` (
  `group_persons_id` int(11) NOT NULL,
  `group_id` int(11) NOT NULL,
  `person_id` int(11) NOT NULL
) ENGINE=InnoDB DEFAULT CHARSET=latin1;

--
-- Data dump for tabellen `group_persons`
--

INSERT INTO `group_persons` (`group_persons_id`, `group_id`, `person_id`) VALUES
(1, 1, 1),
(2, 1, 2),
(3, 6, 1),
(4, 6, 2),
(5, 6, 40),
(6, 5, 2),
(7, 5, 47),
(8, 5, 48),
(9, 2, 1),
(10, 2, 2),
(11, 2, 21),
(12, 2, 24),
(13, 2, 25),
(14, 2, 26),
(15, 2, 27),
(16, 2, 28),
(17, 2, 29),
(18, 2, 30),
(19, 2, 35),
(20, 2, 40),
(21, 2, 41),
(22, 2, 42),
(23, 2, 46),
(24, 2, 47),
(25, 2, 48),
(26, 7, 26),
(27, 7, 35),
(28, 7, 40),
(29, 7, 46),
(30, 7, 47),
(31, 8, 25),
(32, 8, 26),
(33, 9, 24),
(34, 9, 29),
(35, 9, 48),
(36, 10, 1),
(37, 10, 30),
(38, 10, 41),
(39, 10, 42),
(40, 11, 28),
(41, 11, 30),
(42, 11, 42),
(43, 12, 1),
(44, 12, 27),
(45, 13, 1),
(46, 13, 24),
(47, 13, 26),
(48, 13, 28),
(49, 13, 29),
(50, 13, 30),
(51, 13, 42);

-- --------------------------------------------------------

--
-- Struktur-dump for tabellen `invoice_tasks`
--

CREATE TABLE `invoice_tasks` (
  `invoice_task_id` int(11) NOT NULL,
  `task_name` varchar(255) NOT NULL,
  `time_spent` int(11) NOT NULL,
  `year` int(11) NOT NULL,
  `month` int(11) NOT NULL,
  `customer_id` int(11) NOT NULL,
  `task_type_id` int(11) NOT NULL,
  `total_invoice_amount` int(11) NOT NULL,
  `person_id` int(11) NOT NULL,
  `is_billed` tinyint(1) NOT NULL,
  `hourly_rate` int(11) NOT NULL,
  `invoice_task_type_id` int(11) NOT NULL
) ENGINE=InnoDB DEFAULT CHARSET=latin1;

--
-- Data dump for tabellen `invoice_tasks`
--

INSERT INTO `invoice_tasks` (`invoice_task_id`, `task_name`, `time_spent`, `year`, `month`, `customer_id`, `task_type_id`, `total_invoice_amount`, `person_id`, `is_billed`, `hourly_rate`, `invoice_task_type_id`) VALUES
(1, 'billable task 1', 4, 2022, 3, 2, 1, 20000, 1, 0, 0, 0),
(2, 'test 2', 5, 2022, 12, 4, 2, 15102, 3, 0, 0, 0),
(3, 'uhajwd', 10, 2021, 1, 3, 2, 12000, 1, 0, 0, 0),
(4, 'billable task december', 40, 2021, 12, 1, 1, 4500, 11, 1, 0, 1),
(5, 'test new december bloomit', 40, 2021, 12, 2, 2, 0, 2, 0, 800, 1);

-- --------------------------------------------------------

--
-- Struktur-dump for tabellen `labels`
--

CREATE TABLE `labels` (
  `label_id` int(11) NOT NULL,
  `label_name` varchar(255) NOT NULL,
  `label_color_value` varchar(255) NOT NULL
) ENGINE=InnoDB DEFAULT CHARSET=latin1;

--
-- Data dump for tabellen `labels`
--

INSERT INTO `labels` (`label_id`, `label_name`, `label_color_value`) VALUES
(1, 'Ingen label', '#ffffff'),
(2, 'Pre-sale', '#B3F2F2'),
(3, 'Ad-hoc', '#73BF26'),
(4, 'Kørsel', '#F2C230'),
(5, 'Overført', '#F28A2E'),
(6, 'Stud. opgave', '#c0c0c0'),
(7, 'Onboarding', '#b9b9b9'),
(8, 'Overført fra buffer', '#03fcd7');

-- --------------------------------------------------------

--
-- Struktur-dump for tabellen `permission_roles`
--

CREATE TABLE `permission_roles` (
  `permission_role_id` int(11) NOT NULL,
  `permission_role_name` varchar(255) NOT NULL
) ENGINE=InnoDB DEFAULT CHARSET=latin1;

--
-- Data dump for tabellen `permission_roles`
--

INSERT INTO `permission_roles` (`permission_role_id`, `permission_role_name`) VALUES
(0, 'default'),
(1, 'admin');

-- --------------------------------------------------------

--
-- Struktur-dump for tabellen `persons`
--

CREATE TABLE `persons` (
  `person_id` int(11) NOT NULL,
  `person_name` varchar(128) NOT NULL,
  `person_email` varchar(45) NOT NULL,
  `person_password` varchar(255) NOT NULL,
  `person_image` varchar(255) NOT NULL DEFAULT 'none.png',
  `permission_role_id` int(11) NOT NULL,
  `person_enabled` int(11) NOT NULL DEFAULT 1,
  `person_is_external` int(11) NOT NULL DEFAULT 0
) ENGINE=InnoDB DEFAULT CHARSET=latin1;

--
-- Data dump for tabellen `persons`
--

INSERT INTO `persons` (`person_id`, `person_name`, `person_email`, `person_password`, `person_image`, `permission_role_id`, `person_enabled`, `person_is_external`) VALUES
(1, 'Tommy Arildslund', 'ta@kynetic.dk', '$2y$10$Yyt7WG5ZhR7pxpsNHQgRW.3laKS2i5JxfSYKWEpfD3kMERRLSLvMS', 'ta.png', 1, 1, 0),
(2, 'Drilon Braha', 'db2@kynetic.dk', '$2y$10$woCfvqNGfU0e5r3Surks9uEoWvA9CpnchO0EeggKTsUk6zMXCP5u6', 'db.png', 1, 1, 0),
(20, 'Aleksander Svindt', 'as@kynetic.dk', '$2y$10$pF2yCLpF0WKHCPY7PKu5VO2b2wHQ0jsny/BWeLPkfkQDGvFjNWqkG', 'as.png', 0, 0, 0),
(21, 'Anders Bisgaard', 'ab@kynetic.dk', '$2y$10$pu1rfibIr4FZ4DR7XanuJubFGMeRSGbqKNv0x8c5YwoCgv3Zb7Dh.', 'ab.png', 0, 1, 0),
(24, 'Frederik Krarup Ladefoged', 'fl@kynetic.dk', '$2y$10$hhaN6dImP.qFmZkbRaYO4eBSgvn3U5r4CoklDQsZpIAqIqrZ7zO6.', 'fl.png', 0, 1, 0),
(25, 'Jakob Bøgh Rasmussen', 'jr@kynetic.dk', '$2y$10$pF2yCLpF0WKHCPY7PKu5VO2b2wHQ0jsny/BWeLPkfkQDGvFjNWqkG', 'jr.png', 0, 1, 0),
(26, 'Kristian Klynge Olesen', 'ko@kynetic.dk', '$2y$10$ibE9uo21uS5qGRlFQRsFNukQWjNDk1fDjFp9cbT7BzgD/YXbMaaj2', 'ko.png', 0, 1, 0),
(27, 'Kristian Moon', 'km@kynetic.dk', '$2y$10$ojxgV9NHpA.sq3ui.Jyzn.7W5i07unhZluCLLPvKypb29wQekRpay', 'km.png', 0, 1, 0),
(28, 'Kristina Melchoff Kidmose', 'kk@kynetic.dk', '$2y$10$7L56aAogrzulbv.arZ1UPOHds.zp2Hy/nnKqMN8XNr42MHZqu7ne2', 'kk.png', 0, 1, 0),
(29, 'Mads Kvejborg', 'mk@kynetic.dk', '$2y$10$9WtMfHuUpb1SfYKqH1ZclOYxoq5acz6TYU0DR.fS4YvG5/YNON9KC', 'mk.png', 0, 1, 0),
(30, 'Mads-Mikkel Fabricius Tarding', 'mt@kynetic.dk', '$2y$10$o68lYhksEOBNB76FEOurkuy5BnwmCCk2kNgmlhqQMnWRYJ3nUBeZ2', 'mt.png', 1, 1, 0),
(31, 'Rasmus Jantzen', 'rj@kynetic.dk', '$2y$10$f/x2IkVIql75YS1z7zWN/OfdIGd7z/9bXJXCZE3hE8ruMj.G16mHe', 'rj.png', 0, 0, 0),
(34, 'Renée Svane', 'rs@kynetic.dk', '$2y$10$pF2yCLpF0WKHCPY7PKu5VO2b2wHQ0jsny/BWeLPkfkQDGvFjNWqkG', 'rs.png', 0, 0, 0),
(35, 'Rikke Vibe Vinther Sørensen', 'rv@kynetic.dk', '$2y$10$ibE9uo21uS5qGRlFQRsFNukQWjNDk1fDjFp9cbT7BzgD/YXbMaaj2', 'rv.png', 0, 1, 0),
(40, 'Victor Ærenlund Kjeldgaard', 'vk@kynetic.dk', '$2y$10$MqQgijDsLWGEIg4h./GCne/sssAvUg8C/E/n4cc3OArn.diKOTuVW', 'vk.png', 0, 1, 0),
(41, 'Kasper Ebsen', 'ke@kynetic.dk', '$2y$10$woCfvqNGfU0e5r3Surks9uEoWvA9CpnchO0EeggKTsUk6zMXCP5u6', 'ke.png', 1, 1, 0),
(42, 'Jeppe Juul Sørensen', 'js@kynetic.dk', '$2y$10$TSvd2XnAwKJ5.PTqtCLWuOsvZyjZzTuf54fMx2AQh41kxextwz5HW', 'js.png', 1, 1, 0),
(46, 'Magnus Rønnest', 'mn@kynetic.dk', '$2y$10$ewR.bezPoVMPmtME85EzH.7MOBU0vwuP97C3HUqpEg0XFig8Fd1TK', 'mn.png', 0, 1, 0),
(47, 'Sharmarke Huute Filfil', 'shf@kynetic.dk', '$2y$10$lwL/HRFoV2oK2c1qdc7HP.KWchhCYMNwgTGeDSZ2boIjQoDm3jwx6', 'shf.png', 0, 1, 0),
(48, 'Nicolai Dreholt-Nordfalk', 'nn@kynetic.dk', '$2y$10$3uCJZAfnk6N5loKrFaOUFu6j4qWBhLVYkfezrIWu0cahTiyP.e4um', 'nn.jpg', 0, 1, 0),
(49, 'Test External', 'testexternal@kynetic.dk', '$2y$10$woCfvqNGfU0e5r3Surks9uEoWvA9CpnchO0EeggKTsUk6zMXCP5u6', 'none.png', 0, 1, 1);

-- --------------------------------------------------------

--
-- Struktur-dump for tabellen `projects`
--

CREATE TABLE `projects` (
  `project_id` int(11) NOT NULL,
  `project_name` varchar(128) NOT NULL,
  `project_color` varchar(45) DEFAULT NULL,
  `customer_id` int(11) NOT NULL
) ENGINE=InnoDB DEFAULT CHARSET=latin1;

--
-- Data dump for tabellen `projects`
--

INSERT INTO `projects` (`project_id`, `project_name`, `project_color`, `customer_id`) VALUES
(1, 'byRavn', '#cccccc', 1),
(2, 'Hello Retail', '#ffffff', 1);

-- --------------------------------------------------------

--
-- Struktur-dump for tabellen `sprints`
--

CREATE TABLE `sprints` (
  `sprint_id` int(11) NOT NULL,
  `sprint_name` varchar(45) NOT NULL
) ENGINE=InnoDB DEFAULT CHARSET=latin1;

--
-- Data dump for tabellen `sprints`
--

INSERT INTO `sprints` (`sprint_id`, `sprint_name`) VALUES
(4, 'January 2022'),
(5, 'February 2022'),
(6, 'March 2022'),
(7, 'April 2022'),
(8, 'May 2022'),
(9, 'June 2022');

-- --------------------------------------------------------

--
-- Struktur-dump for tabellen `sub_tasks`
--

CREATE TABLE `sub_tasks` (
  `sub_task_id` int(11) NOT NULL,
  `sub_task_name` varchar(255) NOT NULL,
  `sub_task_description` varchar(255) NOT NULL,
  `parent_task_id` int(11) NOT NULL,
  `sub_task_deadline` varchar(255) NOT NULL
) ENGINE=InnoDB DEFAULT CHARSET=latin1;

--
-- Data dump for tabellen `sub_tasks`
--

INSERT INTO `sub_tasks` (`sub_task_id`, `sub_task_name`, `sub_task_description`, `parent_task_id`, `sub_task_deadline`) VALUES
(1, 'Test - Sub Task Demandcockpit 2', 'Description text lorem', 1050, '31-03-2022'),
(2, 'Test Subtask 2', 'Another One', 1050, '29-03-2022'),
(3, 'Subtask Created From Form Test', 'alkwdkjawhdjk ajwhkdj hawkjdh akjwhd kajwhd kjahwdkj hawkjdh akjwhd kjawhd kjahwdkj ahwkdj jdhhjjhadahjd 2', 1050, '2022-03-31'),
(4, 'Udvikling af planning tool sub task?\"*awld 2', 'awdækljawlkdj awjdk aw NEW DESC 3', 1014, '2022-03-24'),
(5, 'New test Muehlhan subtask', 'TEST ONLY 2', 1022, '2022-03-18'),
(6, 'TEST PLANNINGTOOL 2', 'jadkjawdjawkjda', 1014, '2022-03-31'),
(7, 'TEST SUBTASK FROM SPRINT OVERVIEW 2', 'TEST 2', 1014, '2022-03-31'),
(8, 'Test New', 'awdawdaw', 1014, '2022-03-23'),
(9, 'SEO', 'lakjdlka lkjwd lkaw', 1050, '2022-03-31'),
(10, 'Test Subtask', '1', 1343, '2022-04-30'),
(11, 'TEST', '1', 1419, '2022-04-29'),
(14, 'ajkwdhkj', 'kjaw', 1343, '2022-04-30'),
(15, 'Event automations', '', 1199, '2022-05-05'),
(16, 'Event invitationer', '', 1199, '2022-05-05'),
(17, 'Segmentering / listeeksport', '', 1199, '2022-05-05');

-- --------------------------------------------------------

--
-- Struktur-dump for tabellen `tasks`
--

CREATE TABLE `tasks` (
  `task_id` int(11) NOT NULL,
  `task_name` varchar(264) NOT NULL,
  `task_low` decimal(11,2) NOT NULL,
  `task_high` decimal(11,2) NOT NULL,
  `task_workflow_status` int(11) NOT NULL DEFAULT 0,
  `task_description` text DEFAULT NULL,
  `sprint_id` int(11) NOT NULL,
  `project_id` int(11) NOT NULL,
  `customer_id` int(11) NOT NULL,
  `label_id` int(11) NOT NULL DEFAULT 0,
  `task_type_id` int(11) NOT NULL DEFAULT 0,
  `task_vertical_id` int(11) NOT NULL DEFAULT 0,
  `customer_project_id` int(11) NOT NULL DEFAULT 0,
  `is_external` int(11) NOT NULL DEFAULT 0
) ENGINE=InnoDB DEFAULT CHARSET=latin1;

--
-- Data dump for tabellen `tasks`
--

INSERT INTO `tasks` (`task_id`, `task_name`, `task_low`, `task_high`, `task_workflow_status`, `task_description`, `sprint_id`, `project_id`, `customer_id`, `label_id`, `task_type_id`, `task_vertical_id`, `customer_project_id`, `is_external`) VALUES
(1238, 'Paid Seaerch - optimering, udbygning og vedligehold ', '2.00', '3.00', 3, 'sørg for at tjek hvordan tallene ser ud? Får vi ok med henvendelser?\r\nGiv gerne en mindre status på performance over den seneste periode, i starten af sprintet :) \r\n\r\nFokus på:\r\nkonfirmation (sidste udkald)\r\nBryllup /bryllups reception (højt fokus)\r\nSommerfester (Fødselsdag)\r\nBarnedåb', 8, 0, 20, 1, 2, 2, 0, 0),
(1239, 'Tracking overvågning og sikring af data', '1.00', '2.00', 2, '', 8, 0, 16, 1, 2, 6, 0, 0),
(1241, 'Kontinuerlig håndtering og optimering af Ads setups på tværs af alle relevante platforme (social, search og display)', '15.00', '17.00', 0, 'Dette gælder setup for både BA Reman og CPI<br />', 8, 0, 16, 1, 2, 3, 0, 0),
(1242, 'Løbende anbefalinger til content, prioriteringer af det vigtigste opgaver, indholdsbriefs og løbende dialoger om udvikling', '4.00', '5.00', 0, '', 8, 0, 16, 1, 2, 1, 0, 0),
(1243, 'Sikre digital marketing best pratices ift. content digitalt herunder versionering, mikro-optimering på sitet og search-sikring', '3.00', '4.00', 0, '', 8, 0, 16, 1, 2, 13, 0, 0),
(1244, 'Sikring af flows: Herunder testing af leveringssikkerhed, datakvalitet, konverteringspunkter/tracking ', '1.00', '2.00', 1, '', 8, 0, 16, 1, 2, 4, 0, 0),
(1245, 'Optimeringer: Løbende justeringer af segmenter, triggers, datapunkter, eksekvering af mini-split tests', '1.00', '2.00', 0, '', 8, 0, 16, 1, 2, 4, 0, 0),
(1246, 'Dialog og sparring: Evaluering af performance og forslag til optimeringer', '1.00', '2.00', 1, '', 8, 0, 16, 1, 2, 4, 0, 0),
(1247, 'Løbende sparring, projektledelse, møder, intern håndtering og månedlig remote statusmøde inkl. gennemgang af indsats og anbefalinger til fokus/actions i kommende periode', '5.00', '6.00', 0, '', 8, 0, 16, 1, 2, 8, 0, 0),
(1248, 'Ekstra projektledelse, møder og dialog', '10.00', '12.00', 0, '', 8, 0, 16, 1, 2, 8, 0, 0),
(1249, 'Undervisning og uddannelse - Løbende uddannelses session for intern opkvalifciering og forankring ', '6.00', '8.00', 0, 'SEO tekster:\n\nHvordan arbejder vi med onsite content, mod at opnå flere og forbedrede \nplaceringer på relevante søgetermer, i de organiske søgeresultater. (fra \ncontentclusters SEO tekster - fokus på feature snippets, keyworddensity, Hstruktur)\n\nFysisk undervisning hos Borg \n\nSåfremt du ikke bruger al tiden skal jeg vide det, da overskydende timer skal bruges på yderligere undervisning senere på året. Kørsel er ikke inkluderet og skal registreres uden for denne opgave. forberedelse er naturligvis inkluderet i opgaven. \n\nDer er afsat 2-3 timer i undervisningen. Hvis du kan bruge mere tid må du gerne det. Du er selv ansvarlig for at aftale en undervisningsdag med Janni. \n', 9, 0, 16, 1, 2, 1, 0, 0),
(1250, 'Projektledelse: Dialog omkring løsning, opfølgning på opgaver, touch-bases og intern projektledelse', '2.00', '2.00', 0, '', 8, 0, 66, 1, 2, 8, 0, 0),
(1251, 'Paid Search: Kontinuerlig håndtering og optimering + forberedelse til fødselsdag', '5.00', '5.00', 1, 'Google Ads | Fødselsdag\n\nperiode: 9. - 15. maj\nAnnonce-udvidelser opsættes på alle kampagner i fødselsdagsperioden:\n-	Fødselsdagstilbud – spar op til 60%\n\nOpsæt fødselsdagskampagne : kræver at vi har en landingsside med alle fødselsdagstilbud – alternativt skal den linke ind til Tilbud/outlet kategorien, som eventuelt ændrer navn i fødselsdagsperioden. Dette kan også være løsningen på ovenstående, ifb. med oprettelse af ”fødselsdagslandingsside”. \n', 8, 0, 32, 1, 2, 3, 0, 0),
(1252, 'Projektledelse: Dialog omkring løsning, opfølgning på opgaver, touch-bases og intern projektledelse', '2.00', '3.00', 1, '', 8, 0, 22, 1, 2, 8, 0, 0),
(1253, 'Blogindlæg Intern Marketing ', '8.00', '10.00', 3, '', 7, 0, 58, 1, 1, 1, 0, 0),
(1254, 'Blogindlæg Intern Marketing ', '8.00', '10.00', 3, '', 7, 0, 58, 1, 1, 1, 0, 0),
(1255, 'Blogindlæg Intern Marketing ', '8.00', '10.00', 0, '', 8, 0, 58, 1, 1, 1, 0, 0),
(1256, 'Blogindlæg Intern Marketing ', '8.00', '10.00', 3, '', 7, 0, 58, 1, 1, 1, 0, 0),
(1257, 'Blogindlæg Intern Marketing ', '8.00', '10.00', 0, '', 7, 0, 58, 1, 1, 1, 0, 0),
(1259, 'Blogindlæg Intern Marketing ', '8.00', '10.00', 0, '', 7, 0, 58, 1, 1, 1, 0, 0),
(1260, 'Blogindlæg Intern Marketing ', '8.00', '10.00', 3, '', 7, 0, 58, 1, 1, 1, 0, 0),
(1261, 'Whitepaper Intern Marketing ', '12.00', '15.00', 2, '', 7, 0, 58, 1, 1, 1, 0, 0),
(1262, 'Whitepaper Intern Marketing ', '25.00', '30.00', 0, '', 8, 0, 58, 1, 1, 1, 0, 0),
(1265, 'Nye videoer til top funnel - intern marketing', '3.00', '4.00', 3, '', 7, 0, 58, 1, 1, 3, 0, 0),
(1266, 'Nye videoer til top funnel - intern marketing', '10.00', '12.00', 0, '', 7, 0, 58, 1, 1, 3, 0, 0),
(1267, 'Nye videoer til top funnel - intern marketing', '6.00', '8.00', 0, '', 8, 0, 58, 1, 1, 3, 0, 0),
(1268, 'Nye videoer til top funnel - intern marketing', '3.00', '4.00', 3, '', 7, 0, 58, 1, 1, 3, 0, 0),
(1269, 'Nye videoer til top funnel - intern marketing', '3.00', '4.00', 3, '', 7, 0, 58, 1, 1, 3, 0, 0),
(1270, 'Nye videoer til top funnel - intern marketing', '3.00', '4.00', 3, '', 7, 0, 58, 1, 1, 3, 0, 0),
(1271, 'Nye videoer til top funnel - intern marketing', '3.00', '4.00', 0, '', 8, 0, 58, 1, 1, 3, 0, 0),
(1273, 'Nye videoer til top funnel - intern marketing', '10.00', '12.00', 0, '', 7, 0, 58, 1, 1, 3, 0, 0),
(1274, 'Nye videoer til top funnel - intern marketing', '10.00', '12.00', 0, '', 7, 0, 58, 1, 1, 3, 0, 0),
(1275, 'Udbygning af Contentplan til det danske marked inkl. dokumentation til ny menustruktur ud fra et teknisk og onpage SEO perspektiv (+80 briefs)', '15.00', '16.00', 0, '', 8, 0, 74, 1, 2, 1, 0, 0),
(1276, 'Paid Social: Kontinuerlige performance optimeringer, opsætning af kampagner mv.', '7.00', '9.00', 1, '', 8, 0, 74, 1, 2, 3, 0, 0),
(1277, 'Paid Search: Kontinuerlige performance optimeringer, opsætning af kampagner mv.', '6.00', '8.00', 0, '', 8, 0, 74, 1, 2, 2, 0, 0),
(1278, 'Daglige dialoger om eksisterende setup, optimeringsarbejde, afhængigheder i opgaveløsninger og bi-weekly performance snak.', '5.00', '7.00', 0, '', 8, 0, 74, 1, 2, 8, 0, 0),
(1279, 'Sparring, og digital marketing (FB + Google Ads)', '5.00', '5.00', 3, '', 7, 0, 44, 1, 2, 3, 0, 0),
(1280, 'Sparring, og digital marketing (FB + Google Ads)', '5.00', '5.00', 1, '', 8, 0, 44, 1, 2, 3, 0, 0),
(1282, 'Kontinuerlig analyse og optimering af flows inkl. feedback til FJ Industries', '3.00', '4.00', 0, 'Forslag til flows, brug af data osv<br />Lead generering', 8, 0, 28, 1, 2, 4, 0, 0),
(1283, 'Anoncering på tværs af Google & LinkedIn', '3.00', '4.00', 1, '', 8, 0, 28, 1, 2, 2, 0, 0),
(1284, 'SEO (onpage-optimering, linkbuilding mm)', '2.00', '3.00', 0, '', 8, 0, 28, 1, 2, 1, 0, 0),
(1285, 'Contentbriefs og opsætning af nye landingpages', '2.00', '3.00', 0, '', 8, 0, 28, 1, 2, 7, 0, 0),
(1286, 'Udarbejdelse af kreativer til Google, Facebook og LinkedIn', '3.00', '4.00', 0, '', 8, 0, 28, 1, 2, 9, 0, 0),
(1287, 'Løbende rådgivning, sparring og projektledelse', '3.00', '4.00', 0, '', 8, 0, 28, 1, 2, 8, 0, 0),
(1288, 'Kvartalsmæssig KPI-rapportering', '3.00', '5.00', 0, '', 8, 0, 28, 1, 2, 8, 0, 0),
(1289, 'Kvartalsmæssig statusmøde', '8.00', '9.00', 0, '', 8, 0, 28, 1, 2, 8, 0, 0),
(1290, 'SEO360: Teknisk, Onsite og Off site SEO: Fokus på etablering af fundament og efterfølgende gradual udvikling af performance jf performance audit indsigter', '3.00', '4.00', 2, '', 8, 0, 27, 1, 2, 1, 0, 0),
(1291, 'Kontinuerlig overvågning og optimering af performance på Google Ads (search ads, Video og display)', '2.00', '4.00', 0, '', 8, 0, 27, 1, 2, 2, 0, 0),
(1292, 'Kontinuerlig overvågning og optimering af performance på Social Media (Facebook/Instagram og netværk) - DK', '3.00', '4.00', 1, '', 8, 0, 27, 1, 2, 3, 0, 0),
(1293, 'Produktion af kreativer til annoncering og kommercielle landingpages - DK', '2.00', '3.00', 1, '', 8, 0, 27, 1, 2, 9, 0, 0),
(1294, 'Kontinuerlig overvågning og optimering af performance på Google Ads (search ads, Video og display)', '2.00', '3.00', 0, '', 8, 0, 27, 1, 2, 2, 0, 0),
(1295, 'Kontinuerlig overvågning og optimering af performance på Social Media (Facebook/Instagram og netværk) - SE', '2.00', '3.00', 2, '', 8, 0, 27, 1, 2, 3, 0, 0),
(1296, 'Produktion af kreativer til annoncering og kommercielle landingpages - SE', '1.00', '2.00', 2, '', 8, 0, 27, 1, 2, 9, 0, 0),
(1297, 'Paid social', '6.00', '8.00', 3, '', 7, 0, 58, 1, 1, 3, 0, 0),
(1298, 'Paid social', '6.00', '8.00', 0, '', 8, 0, 58, 1, 1, 3, 0, 0),
(1299, 'New Bizz', '8.00', '10.00', 3, '', 7, 0, 56, 1, 1, 8, 0, 0),
(1300, 'New Bizz - FL NB tid', '14.00', '16.00', 0, '', 8, 0, 56, 1, 1, 8, 0, 0),
(1301, 'Buffer tid - Klippekort - Udvikling på Charge', '3.25', '3.25', 3, '6.75 timer flyttet til Maj/Juni', 7, 0, 3, 1, 2, 5, 0, 0),
(1302, 'SEO timer (teknik, linkbuilding planning, onpage optimering)', '10.00', '12.00', 3, '', 7, 0, 58, 1, 1, 1, 0, 0),
(1304, 'Contentproduktion til linkbuilding', '10.00', '12.00', 3, '', 7, 0, 58, 1, 1, 1, 0, 0),
(1306, 'Contentoptimering KYNETIC.dk SEO', '14.00', '16.00', 1, '', 7, 0, 58, 1, 1, 1, 0, 0),
(1307, 'Paid Search ', '6.00', '8.00', 3, '', 7, 0, 58, 1, 1, 2, 0, 0),
(1308, 'Paid Search ', '6.00', '8.00', 0, '', 8, 0, 58, 1, 1, 2, 0, 0),
(1309, 'Søgemaskineoptimering inkl. linkbuilding og contentanbefalinger', '3.50', '4.00', 3, '', 7, 0, 1, 1, 2, 1, 0, 0),
(1310, 'Google Ads (inkl. Display) og Bing Ads annoncering', '7.00', '8.00', 3, '', 7, 0, 1, 1, 2, 2, 0, 0),
(1311, 'Facebook og Instagram annoncering', '7.00', '8.00', 3, '', 7, 0, 1, 1, 2, 3, 0, 0),
(1312, 'Dialog og sparring', '1.50', '2.00', 3, '', 7, 0, 1, 1, 2, 8, 0, 0),
(1313, 'Criteo annoncering', '1.00', '2.00', 3, '', 7, 0, 1, 1, 2, 11, 0, 0),
(1314, 'Kampagne: Mors dag', '6.00', '8.00', 3, '', 7, 0, 1, 1, 2, 14, 0, 0),
(1315, 'Søgemaskineoptimering inkl. linkbuilding og contentanbefalinger', '3.50', '4.00', 3, '', 7, 0, 62, 1, 2, 1, 0, 0),
(1316, 'Google Ads (inkl. Display) og Bing Ads annoncering', '6.00', '7.00', 0, '', 7, 0, 62, 1, 2, 2, 0, 0),
(1317, 'Facebook og Instagram annoncering', '6.00', '7.00', 3, '', 7, 0, 62, 1, 2, 3, 0, 0),
(1318, 'Dialog og sparring', '1.20', '2.00', 3, '', 7, 0, 62, 1, 2, 8, 0, 0),
(1319, 'Søgemaskineoptimering inkl. linkbuilding og contentanbefalinger', '3.50', '4.00', 3, '', 7, 0, 63, 1, 2, 1, 0, 0),
(1320, 'Google Ads (inkl. Display) og Bing Ads annoncering', '6.00', '7.00', 3, '', 7, 0, 63, 1, 2, 2, 0, 0),
(1321, 'Facebook og Instagram annoncering', '6.00', '7.00', 3, '', 7, 0, 63, 1, 2, 3, 0, 0),
(1322, 'Dialog og sparring', '1.50', '2.00', 3, '', 7, 0, 63, 1, 2, 8, 0, 0),
(1323, 'Kampagne: Mors dag', '5.00', '7.00', 3, '', 7, 0, 63, 1, 2, 14, 0, 0),
(1324, 'Kampagne: Mors dag', '5.00', '7.00', 3, '', 7, 0, 64, 1, 2, 14, 0, 0),
(1325, 'Kampagne: Fars dag', '5.00', '7.00', 3, '', 7, 0, 64, 1, 2, 14, 0, 0),
(1326, 'Analyse, CRO, UX, EValueringer (VK)', '56.00', '60.00', 3, '', 7, 0, 15, 1, 2, 13, 0, 0),
(1327, 'Google Ads: Optimering og månedsmøder/dialog om Google Ads og udviklinger/road maps/projekter', '23.00', '31.00', 3, '', 7, 0, 15, 1, 2, 2, 0, 0),
(1328, 'Linkbuilding setup', '11.00', '14.00', 3, '', 7, 0, 15, 1, 2, 1, 0, 0),
(1329, 'Analyse, CRO, UX, EValueringer (MM)', '4.00', '8.00', 3, '', 7, 0, 15, 1, 2, 8, 0, 0),
(1330, 'Google Ads: Optimering og månedsmøder/dialog om Google Ads og udviklinger/road maps/projekter', '12.00', '14.00', 3, '', 7, 0, 51, 1, 2, 2, 0, 0),
(1331, 'Paid Social Optimering, Kampagner og udvikling', '8.00', '10.00', 1, '', 7, 0, 51, 1, 2, 3, 0, 0),
(1332, 'SEO: Optimering, udvikling, Content briefing, Linkbuilding og teknisk udvikling', '7.00', '13.00', 3, '', 7, 0, 51, 1, 2, 1, 0, 0),
(1333, 'MA: Flow setup, Kampagner, performance udvikling of optimering', '7.00', '13.00', 1, '', 7, 0, 51, 1, 2, 10, 0, 0),
(1334, 'Dialog og sparring', '4.00', '5.00', 3, '', 7, 0, 51, 1, 2, 8, 0, 0),
(1335, 'Muehlhan buffer', '4.00', '6.00', 3, '', 7, 0, 11, 1, 2, 5, 0, 0),
(1336, 'New bizz', '12.00', '14.00', 3, '', 7, 0, 56, 1, 1, 8, 0, 0),
(1337, 'Ledergruppemøder', '12.00', '14.00', 3, '', 7, 0, 56, 1, 1, 8, 0, 0),
(1339, 'Hybrid', '6.00', '8.00', 3, '', 7, 0, 56, 1, 1, 5, 0, 0),
(1340, 'Rekruttering', '10.00', '12.00', 3, '', 7, 0, 56, 1, 1, 8, 0, 0),
(1341, 'Udvikling af planning tool', '12.00', '16.00', 3, '', 7, 0, 56, 1, 1, 5, 0, 0),
(1342, 'Website opgaver', '16.00', '18.00', 3, '', 7, 0, 56, 1, 1, 5, 0, 0),
(1343, 'Udvikling af demand cockpit', '13.00', '15.00', 3, '', 7, 0, 56, 1, 1, 5, 0, 0),
(1344, 'Implementering af website design', '30.00', '35.00', 1, '', 8, 0, 1, 1, 2, 5, 0, 0),
(1345, 'Statusmøde', '6.00', '8.00', 0, '', 8, 0, 1, 1, 2, 8, 0, 0),
(1346, '(Buffer) Udvikling af prototype til bestillingsflow på Charge.dk', '24.00', '28.00', 0, '', 8, 0, 3, 1, 2, 5, 0, 0),
(1347, 'Kontormøbler: Håndtering af Paid Social, Tracking og Overdragelse', '22.00', '30.00', 3, '', 7, 0, 37, 1, 2, 8, 0, 0),
(1348, 'Kundeleads - Sprint planning', '8.00', '10.00', 3, 'Tid til planning af sprint i maj+ juni', 7, 0, 56, 1, 1, 8, 0, 0),
(1349, 'Kundeleads - Sprint grooming', '6.00', '7.00', 2, 'Tid til sprint grooming af maj sprint', 8, 0, 56, 1, 1, 8, 0, 0),
(1350, 'Friday Labs', '52.00', '54.00', 3, 'Tid til friday labs i april', 7, 0, 56, 1, 1, 8, 0, 0),
(1351, 'Fælles blogindlæg', '12.00', '14.00', 2, '', 8, 0, 56, 1, 1, 7, 0, 0),
(1352, 'Mandagssessions ', '60.00', '62.00', 3, 'Mandagssessions april', 7, 0, 56, 1, 1, 8, 0, 0),
(1353, 'Kundeleads - Client Health', '6.00', '7.00', 3, 'Tid til client health og justering af client briefs mm.', 7, 0, 56, 1, 1, 8, 0, 0),
(1354, 'Ferie - MK', '45.00', '45.00', 3, '', 7, 0, 56, 1, 1, 8, 0, 0),
(1356, 'New Bizz Buffer', '12.00', '15.00', 3, '', 7, 0, 56, 1, 1, 8, 0, 0),
(1357, 'New Bizz - KMK NB tid', '14.00', '16.00', 2, '', 7, 0, 56, 1, 1, 8, 0, 0),
(1358, 'Projektledelse på tværs af kunder (ad hoc opgever)', '6.00', '8.00', 2, '', 7, 0, 56, 1, 1, 8, 0, 0),
(1361, 'Sprint buffer - skal løbende konverteres til opgaver for jer hver i sær', '14.00', '14.00', 3, 'Denne tid skal løbende konverteres til opgaver i løbet af sprintet', 7, 0, 56, 1, 1, 8, 0, 0),
(1363, 'Sprint buffer - skal løbende konverteres til opgaver for jer hver i sær', '0.00', '0.00', 3, 'Denne tid skal løbende konverteres til opgaver i løbet af sprintet', 7, 0, 56, 1, 1, 8, 0, 0),
(1365, 'Sprint buffer - skal løbende konverteres til opgaver for jer hver i sær', '0.00', '0.00', 3, 'Denne tid skal løbende konverteres til opgaver i løbet af sprintet<br />NewBizz: Woods: 2h<br />NewBizz: Flowering: 2h<br />Borg automations - flere brands: 5h<br />Intern marketing: 2h<br />Zangenberg Morebizz møde (3t)', 7, 0, 56, 1, 1, 8, 0, 0),
(1366, 'Sprint buffer - skal løbende konverteres til opgaver for jer hver i sær', '6.00', '6.00', 0, 'Denne tid skal løbende konverteres til opgaver i løbet af sprintet', 7, 0, 56, 1, 1, 8, 0, 0),
(1371, 'Sprint buffer - skal løbende konverteres til opgaver for jer hver i sær', '14.00', '14.00', 0, 'Denne tid skal løbende konverteres til opgaver i løbet af sprintet', 7, 0, 56, 1, 1, 8, 0, 0),
(1372, 'Sprint buffer - skal løbende konverteres til opgaver for jer hver i sær', '14.00', '14.00', 0, 'Denne tid skal løbende konverteres til opgaver i løbet af sprintet', 7, 0, 56, 1, 1, 8, 0, 0),
(1376, 'Sprint buffer - skal løbende konverteres til opgaver for jer hver i sær', '14.00', '14.00', 0, 'Denne tid skal løbende konverteres til opgaver i løbet af sprintet', 7, 0, 56, 1, 1, 8, 0, 0),
(1377, 'Strategi udvikling og præsentation', '10.00', '15.00', 3, '', 7, 0, 42, 1, 2, 8, 0, 0),
(1378, 'MT - Intern forberedelse af Webinar til ultimo April primo maj', '15.00', '21.00', 3, '', 7, 0, 58, 1, 1, 8, 0, 0),
(1379, 'Forberedelse til Webinar', '6.00', '8.00', 2, 'Forberedelsestid til Webinar ', 7, 0, 56, 1, 1, 8, 0, 0),
(1380, 'Search teamet - Månedlig organic search session', '6.00', '8.00', 3, 'Tid i bruger på organic search session', 7, 0, 56, 1, 1, 1, 0, 0),
(1381, 'Search teamet - Månedlig paid search session', '6.00', '8.00', 3, 'Tid til den månedlige paid search session', 7, 0, 56, 1, 1, 2, 0, 0),
(1382, 'New Bizz - Uge update og status på new bizz', '12.00', '14.00', 3, 'Tid til vores ugentligt new bizz møder', 7, 0, 56, 2, 1, 8, 0, 0),
(1383, 'Ferie - ND', '45.00', '45.00', 2, 'Tid der går til Nicos ferie', 8, 0, 56, 1, 1, 8, 0, 0),
(1384, 'Paid Social Optimering, Kampagner og udvikling', '2.00', '3.00', 3, '', 7, 0, 51, 1, 2, 3, 0, 0),
(1385, 'Feedback session - AB', '2.00', '2.50', 3, '', 7, 0, 56, 1, 1, 8, 0, 0),
(1386, 'Feedback session - MR', '2.00', '2.50', 3, '', 7, 0, 56, 1, 1, 8, 0, 0),
(1387, 'Feedback session - DB', '3.00', '3.50', 3, '', 7, 0, 56, 1, 1, 8, 0, 0),
(1388, 'Kontinuerlig håndtering og optimering af Ads setups på tværs af alle relevante platforme (social, search og display)', '3.00', '4.00', 0, 'Evt. Display opsætning', 8, 0, 16, 1, 2, 11, 0, 0),
(1389, 'KYNETIC marketing', '25.00', '30.00', 3, '', 7, 0, 56, 1, 1, 7, 0, 0),
(1390, 'Client Briefs ', '4.00', '6.00', 0, 'Udfyld Client Briefs på alle kunder ', 6, 0, 56, 1, 1, 8, 0, 0),
(1391, 'Search - Sparring mellem Jakob og Shamarke', '15.00', '20.00', 3, '', 7, 0, 56, 1, 1, 2, 0, 0),
(1392, 'New Bizz - KK NB tid', '14.00', '16.00', 3, 'Tid brugt på div. new bizz opgaver', 7, 0, 56, 2, 1, 2, 0, 0),
(1393, 'New Bizz - K0 NB tid', '14.00', '16.00', 3, '', 8, 0, 56, 2, 1, 2, 0, 0),
(1394, 'New Bizz - KMK NB tid', '14.00', '16.00', 1, '', 8, 0, 56, 2, 1, 8, 0, 0),
(1395, 'New Bizz - MK NB tid', '14.00', '16.00', 0, '', 8, 0, 56, 2, 1, 3, 0, 0),
(1396, 'New Bizz - TA NB tid', '14.00', '16.00', 0, '', 8, 0, 56, 2, 1, 8, 0, 0),
(1397, 'New Bizz - MT NB tid', '20.00', '25.00', 0, '', 8, 0, 56, 2, 1, 8, 0, 0),
(1398, 'Friday Labs', '53.00', '55.00', 2, '', 8, 0, 56, 1, 1, 8, 0, 0),
(1400, 'Kundeleads - Sprint planning', '6.00', '8.00', 0, '', 8, 0, 56, 1, 1, 8, 0, 0),
(1401, 'Mandagssessions ', '60.00', '60.00', 2, '', 8, 0, 56, 1, 1, 8, 0, 0),
(1403, 'New Bizz - Uge update og status på new bizz', '12.00', '14.00', 2, '', 8, 0, 56, 2, 1, 8, 0, 0),
(1404, 'Search teamet - Månedlig organic search session', '6.00', '7.00', 0, '', 8, 0, 56, 1, 1, 1, 0, 0),
(1405, 'search teamet - Månedlig paid search session', '6.00', '7.00', 0, '', 8, 0, 56, 1, 1, 2, 0, 0),
(1406, 'Social teamet - Paid social mdr sessions', '12.00', '12.00', 2, '', 8, 0, 56, 1, 1, 3, 0, 0),
(1407, 'KM viden og udvikling - Censor opgave for multimedie desing hovedopgave ', '22.50', '22.50', 0, 'Tid brugt på at være censor på hovedopgaven på multimedie design', 9, 0, 56, 1, 1, 4, 0, 0),
(1408, 'Animerede marketing skabeloner - samt overdragelse af AE til Anders', '25.00', '35.00', 0, '', 7, 0, 56, 1, 1, 7, 0, 0),
(1409, 'SEOday Followup & Vidensdeling ', '8.00', '10.00', 3, '', 6, 0, 56, 1, 1, 5, 0, 0),
(1410, 'Feedbacksession - forb. og afholdelse', '1.50', '1.50', 3, '', 6, 0, 56, 3, 1, 5, 0, 0),
(1411, 'Onboarding - ND ', '2.50', '3.00', 3, 'Tid til onboarding og opfølgning på onboarding', 7, 0, 56, 1, 1, 8, 0, 0),
(1412, 'Paid Social: Snak med partners', '4.00', '5.00', 3, '', 7, 0, 56, 1, 1, 3, 0, 0),
(1413, 'Feedbacksessions Q1 2022 - MK, KO, KK, JK & FL', '5.00', '5.00', 3, '', 6, 0, 56, 1, 1, 8, 0, 0),
(1414, 'Intern tid', '19.00', '21.00', 2, '', 7, 0, 56, 1, 1, 4, 0, 0),
(1417, 'Ferie overdragelse', '2.00', '3.00', 3, '', 7, 0, 56, 3, 1, 8, 0, 0),
(1418, 'KYNETIC: Intern tid (videndeling, sparring, frameworks, dokumentering/playbooks mv.)', '10.00', '12.00', 3, '', 7, 0, 56, 1, 1, 8, 0, 0),
(1420, 'Interne møder Kynetic ', '5.00', '6.00', 2, 'Interne møde med ledelse, samt ugentlige møder med Jeppe ', 7, 0, 56, 1, 1, 8, 0, 0),
(1421, 'ByRavn: DK, DE, NO', '1.00', '2.00', 0, 'Undersidelinks ', 7, 0, 1, 1, 2, 2, 0, 0),
(1422, 'Dashboards', '7.00', '9.00', 3, 'Interne dashboards', 7, 0, 56, 3, 1, 5, 0, 0),
(1423, 'Løbende tracking og sikring af det tekniske setup, herunder løbende opdateringer af diverse plugins, tema samt adhoc website tilpasninger', '2.00', '3.00', 3, '', 7, 0, 4, 1, 2, 6, 0, 0),
(1424, 'Overflytning af 57 forskellige projekter fra eksisterende projektgalleri (ekskl. tekstproduktion)', '10.00', '12.00', 3, '', 7, 0, 4, 3, 2, 1, 0, 0),
(1425, 'Opsætning af landingpages på nyt website. KYNETIC sikrer kvaliteten af content ift. SEO samt laver implementering på website', '16.00', '19.00', 3, '', 7, 0, 4, 1, 2, 1, 0, 0),
(1426, 'Keyword research inkl. evaluering af effekt fra indsatser samt definition af fremadrettede Organic Search Strategi', '6.00', '7.00', 1, '', 7, 0, 4, 3, 2, 1, 0, 0),
(1427, 'Redaktionsmøde', '1.00', '1.50', 3, '', 7, 0, 58, 1, 1, 8, 0, 0),
(1428, 'Blog indlæg om SEO i 2022', '7.00', '9.00', 3, '', 7, 0, 58, 1, 1, 1, 0, 0),
(1429, 'Sikring af tracking KPI\'er, micro-moments og attribution modelling på tværs af kanalmix og aktivitet', '1.00', '2.00', 3, '', 7, 0, 2, 3, 2, 6, 0, 0),
(1430, 'New Bizz', '2.00', '6.00', 3, '', 7, 0, 56, 3, 1, 2, 0, 0),
(1431, 'Content produktion - Kontinuerlig onsite contentproduktion RS', '15.00', '17.00', 3, 'Timer til at hjælpe med onsite content i april', 7, 0, 35, 1, 2, 7, 0, 0),
(1432, 'New bizz (Handsonsimply)', '2.00', '3.00', 3, '', 7, 0, 56, 1, 1, 1, 0, 0),
(1433, 'Interne møder', '6.00', '8.00', 3, '', 7, 0, 56, 3, 1, 5, 0, 0),
(1434, 'BMC - paid search optimering (buffer)', '3.00', '4.00', 3, '', 7, 0, 66, 1, 2, 2, 0, 0),
(1435, 'Display.dk - Paid search (buffer)', '2.00', '3.00', 3, 'Buffer tid', 7, 0, 70, 1, 2, 2, 0, 0),
(1436, 'New Bizz (Living Flowers)', '4.00', '4.00', 3, '', 7, 0, 56, 1, 1, 1, 0, 0),
(1437, 'MM Operations inkl newbizz mm. ', '50.00', '50.00', 3, '', 7, 0, 56, 1, 1, 8, 0, 0),
(1438, 'Produktion af diplomer og logoer', '4.00', '5.00', 3, '', 7, 0, 13, 3, 2, 9, 0, 0),
(1439, 'Linkrapport - TJR', '6.00', '8.00', 3, '', 7, 0, 56, 1, 1, 1, 0, 0),
(1440, 'New Bizz', '8.00', '10.00', 3, '', 7, 0, 56, 1, 1, 1, 0, 0),
(1441, 'Bi-weekly ', '1.50', '1.50', 3, '', 7, 0, 56, 3, 1, 5, 0, 0),
(1442, 'The Jewellery Room: Opsætning af nyt Google Ads setup DE account (Buffer)', '3.00', '4.50', 3, '', 7, 0, 50, 3, 2, 2, 0, 0),
(1443, 'Allokeres til udviklingstimer i Sana', '14.75', '14.75', 1, '', 8, 0, 3, 1, 2, 5, 0, 0),
(1444, 'Kørsel til Møder ', '7.00', '8.00', 2, '', 7, 0, 56, 4, 1, 8, 0, 0),
(1445, 'MMT - Fridage i maj', '16.00', '16.00', 0, '', 8, 0, 56, 1, 1, 8, 0, 0),
(1446, 'konpap - Tracking ', '7.00', '12.00', 3, '1.	lave en B2C only GA4 ejendom med e-handelssporing                                                                                \r\n2.	lave en B2B only GA4 ejendom med e-handelssporing                                                                               \r\n3.	lave en Master UA visning (B2B og B2C) med e-handelssporing                                                              \r\n4.	lave en B2B only UA visning med e-handelssporing                                                                                      \r\n5.	opsætning af native Google Ads købssporing (Fejlfinding + tilretning af nuværende)\r\n\r\n\r\n', 7, 0, 65, 1, 2, 6, 0, 0),
(1447, 'Tracking Audit', '6.00', '8.00', 3, 'Fuldt tracking audit af DDM på tværs af GUA, GA4 Google ads, Meta og Klayvio. Output er en samlet oversigt over findings samt handlingsplan for optimeringer inkl. samlet timestimat for implementering af optimeringer ', 8, 0, 73, 1, 2, 6, 0, 0),
(1448, 'Meta - Kontinuerlig håndtering og optimering', '4.00', '6.00', 0, 'Kontinuerlig optimering og håndtering inkl rapportering af Meta indsatster', 9, 0, 73, 1, 2, 3, 0, 0),
(1449, 'Google ads - Kontinuerlig håndtering og optimering', '4.00', '6.00', 0, 'Kontinuerlige optimering og håndtering af google ads indsatser', 9, 0, 73, 1, 2, 2, 0, 0),
(1450, 'MA - Løbende optimering', '7.00', '9.00', 0, 'Løbende optimering af flows og indsatser i Klavio', 9, 0, 73, 1, 2, 4, 0, 0),
(1451, 'Løbende sparring, dialog og håndtering', '3.00', '4.00', 0, 'løbende rådgivning dialog og sparring', 9, 0, 73, 1, 2, 8, 0, 0),
(1452, 'Display ekstraopgave', '10.00', '15.00', 3, '', 7, 0, 70, 3, 2, 5, 0, 0),
(1453, 'BMC sprintbuffer', '2.00', '3.00', 1, 'Udvikling med færdiggørelse af DPA setup<br /><br />+ ad hoc opgave med hjælp til udvikler', 7, 0, 66, 1, 2, 8, 0, 0),
(1454, 'NewBizz: Flowering (taget fra buffer)', '2.00', '2.00', 3, '', 7, 0, 56, 2, 1, 4, 0, 0),
(1455, 'NewBizz: Woods (taget fra buffer)', '2.00', '2.00', 3, '', 7, 0, 56, 2, 1, 4, 0, 0),
(1456, 'Ekstra New bizz timer - Fra buffer', '7.00', '9.00', 3, 'Ekstra tid til Livning living flowers + tysk rejse rejseinformation', 7, 0, 56, 8, 1, 8, 0, 0),
(1457, 'Ekstra dialog med DDM - Fra buffer', '5.00', '6.00', 3, '', 7, 0, 73, 8, 2, 8, 0, 0),
(1458, 'Kørsel til Verdo (Charge) møde', '1.00', '1.00', 3, '', 7, 0, 56, 4, 1, 5, 0, 0),
(1459, 'FJI Google Ads annoncetekster (buffer)', '1.50', '1.50', 3, '', 7, 0, 28, 3, 2, 2, 0, 0),
(1460, 'Dashboard til Kontormøbler', '7.00', '8.00', 3, '', 7, 0, 37, 3, 2, 5, 0, 0),
(1461, 'SEO audit', '5.00', '6.00', 0, '', 8, 0, 77, 1, 2, 1, 0, 0),
(1462, 'Google ads - Kontinuerlig håndtering og optimering April', '2.00', '4.00', 3, 'Tid til håndtering og optimering af Google ads i april', 7, 0, 77, 1, 2, 2, 0, 0),
(1463, 'Google ads - Mors dag', '4.00', '4.00', 3, 'Tid til Mors dag anbefalinger og klargøring', 7, 0, 77, 1, 2, 2, 0, 0),
(1464, 'Meta - Kontinuerlig håndtering og optimering', '2.00', '4.00', 3, 'Håndtering og optimering af meta setup i april', 7, 0, 77, 1, 2, 3, 0, 0),
(1465, 'Meta - Mors dag', '3.00', '4.00', 3, 'Ekstra tid til mors dag anbefalinger og opsætning', 7, 0, 77, 1, 2, 3, 0, 0),
(1466, 'Meta - Overtagelse og opstart', '5.00', '10.00', 1, 'Opstart og overtagelse samt drift af Meta setup', 8, 0, 77, 1, 2, 3, 0, 0),
(1467, 'Meta - Kontinuerlig håndtering og optimering', '5.00', '7.00', 0, 'Kontinuerlig håndtering, vedligeholdelse og optimering inkl raportering', 9, 0, 77, 1, 2, 3, 0, 0),
(1468, 'Google ads - Kontinuerlig håndtering og optimering', '8.00', '9.00', 0, 'Kontinuerlig håndtering af google ads setup, inkl rapportering og optimering', 9, 0, 77, 1, 2, 2, 0, 0),
(1469, 'Google ads - Overtagelse og opstart', '8.00', '15.00', 0, 'Opstart, overtagelse og drift af Google ads setup', 8, 0, 77, 1, 2, 2, 0, 0),
(1470, 'Løbende sparring, dialog og håndtering i opstarten', '2.00', '10.00', 0, '', 8, 0, 77, 1, 2, 8, 0, 0),
(1471, 'Løbende sparring, dialog og håndtering', '2.00', '4.00', 0, '', 9, 0, 77, 1, 2, 8, 0, 0),
(1472, 'MA - Opsætning af Hubspot partner forms og flows (taget fra projekt buffer)', '4.00', '10.00', 3, '', 7, 0, 35, 1, 2, 4, 0, 0),
(1473, 'Gennemgang af client managementplaner og client health - FL', '2.00', '2.00', 0, '', 8, 0, 56, 1, 1, 8, 0, 0),
(1474, 'Gennemgang af client managementplaner og client health - KK', '2.00', '2.00', 0, '', 8, 0, 56, 1, 1, 8, 0, 0),
(1475, 'Gennemgang af client managementplaner og client health - MK', '1.50', '1.50', 0, '', 8, 0, 56, 1, 1, 8, 0, 0),
(1476, 'Gennemgang af client managementplaner og client health - KO', '1.50', '1.50', 0, '', 8, 0, 56, 1, 1, 8, 0, 0),
(1477, 'Sprint buffer AB - skal løbende konverteres til opgaver', '9.00', '10.00', 0, '', 8, 0, 56, 1, 1, 8, 0, 0),
(1478, 'Sprint buffer DB - skal løbende konverteres til opgaver', '1.00', '1.00', 3, 'DDM - Webscraper<br />Display.dk', 8, 0, 56, 1, 1, 8, 0, 0),
(1479, 'Sprint buffer FL - skal løbende konverteres til opgaver', '4.00', '5.00', 0, '', 8, 0, 56, 1, 1, 8, 0, 0),
(1480, 'Sprint buffer JK - skal løbende konverteres til opgaver', '5.00', '5.00', 0, '', 8, 0, 56, 1, 1, 8, 0, 0),
(1481, 'Sprint buffer KO - skal løbende konverteres til opgaver', '9.00', '10.00', 0, '', 8, 0, 56, 1, 1, 8, 0, 0),
(1482, 'Sprint buffer KM - skal løbende konverteres til opgaver', '0.00', '0.00', 0, 'Kynetic webinar forberedelse -3 timer<br />DDM web scraper -1 time<br />Qknives MA analyse + møde- 6 timer', 8, 0, 56, 1, 1, 8, 0, 0),
(1483, 'Sprint buffer KK - skal løbende konverteres til opgaver', '6.00', '9.00', 0, '', 8, 0, 56, 1, 1, 8, 0, 0),
(1484, 'Sprint buffer MK - skal løbende konverteres til opgaver', '7.00', '8.00', 0, '', 8, 0, 56, 1, 1, 8, 0, 0),
(1485, 'Sprint buffer MN - skal løbende konverteres til opgaver', '4.00', '4.00', 0, '', 8, 0, 56, 1, 1, 8, 0, 0),
(1486, 'Sprint buffer RS - skal løbende konverteres til opgaver', '0.00', '0.00', 3, '', 8, 0, 56, 1, 1, 8, 0, 0),
(1487, 'Sprint buffer TA - skal løbende konverteres til opgaver', '9.00', '10.00', 0, '', 8, 0, 56, 1, 1, 8, 0, 0),
(1490, 'Fridag - RS fridag maj', '8.00', '8.00', 0, '', 8, 0, 56, 1, 1, 8, 0, 0),
(1491, 'Garnværkstedet - Sprintbuffer', '5.00', '5.00', 0, 'Sprintbuffer konverteres til ekstra kundetid til garnværkstedet. Ads har nogle ønsker ift. ændring af menustruktur/siteskifte, som jeg skal drøfte mere dybdegående med dem. Derfor bruger jeg lidt ekstra til på præsentation og møde hos dem. \r\n\r\nYderligere skal jeg fremvise, hvad vi får ud af at have opsat Serverside tracking - hvordan viser det sig?', 7, 0, 32, 8, 2, 8, 0, 0),
(1492, 'Fridag', '8.00', '8.00', 0, '', 8, 0, 56, 1, 1, 8, 0, 0),
(1493, 'Google Ads: Optimering og månedsmøder/dialog om Google Ads og udviklinger/road maps/projekter', '12.00', '14.00', 0, '', 8, 0, 51, 1, 2, 2, 0, 0),
(1494, 'Paid Social Optimering, Kampagner og udvikling', '8.00', '10.00', 1, '', 8, 0, 51, 1, 2, 3, 0, 0),
(1495, 'SEO: Optimering, udvikling, Content briefing, Linkbuilding og teknisk udvikling', '9.00', '12.00', 2, '', 8, 0, 51, 1, 2, 1, 0, 0),
(1496, 'Google Ads: Kontinuerlig håndtering og optimering af Google Ads setups på tværs af alle relevante ads formater i platformene', '4.00', '5.00', 0, '', 9, 0, 3, 1, 2, 2, 0, 0),
(1497, 'MA: Flow setup, Kampagner, performance udvikling of optimering', '7.00', '13.00', 2, '', 8, 0, 51, 1, 2, 4, 0, 0),
(1498, 'Google Ads: Kontinuerlig håndtering og optimering af Google Ads setups på tværs af alle relevante ads formater i platformene', '4.00', '5.00', 0, '', 8, 0, 3, 1, 2, 2, 0, 0),
(1499, 'Dialog og sparring', '4.00', '5.00', 3, '', 8, 0, 51, 1, 2, 8, 0, 0),
(1500, 'Google Ads: Løbende dataanalyse og udvikling', '2.00', '2.00', 0, '', 8, 0, 3, 1, 2, 2, 0, 0),
(1501, 'Google Ads: Løbende dataanalyse og udvikling', '2.00', '2.00', 0, '', 9, 0, 3, 1, 2, 2, 0, 0),
(1502, 'Paid Social: Kontinuerlig håndtering og optimering af social setup på tværs af relevante platforme', '4.00', '5.00', 0, '', 8, 0, 3, 1, 2, 3, 0, 0),
(1503, 'Paid Social: Kontinuerlig håndtering og optimering af social setup på tværs af relevante platforme', '4.00', '5.00', 0, '', 9, 0, 3, 1, 2, 3, 0, 0),
(1504, 'Google Ads: Optimering og månedsmøder/dialog om Google Ads og udviklinger/road maps/projekter', '23.00', '31.00', 1, '', 8, 0, 15, 1, 2, 2, 0, 0),
(1505, 'Analyse, CRO, UX, EValueringer (VK)', '56.00', '60.00', 1, '', 8, 0, 15, 1, 2, 13, 0, 0),
(1506, 'Paid social: Løbende dataanalyse', '2.00', '2.00', 0, '', 8, 0, 3, 1, 2, 3, 0, 0),
(1507, 'Analyse, CRO, UX, EValueringer (MM)', '4.00', '8.00', 0, '', 8, 0, 15, 1, 2, 8, 0, 0),
(1508, 'Paid social: Løbende dataanalyse', '2.00', '2.00', 0, '', 9, 0, 3, 1, 2, 3, 0, 0),
(1509, 'Løbende dataanalyse i relation til SEO og prioritering af teknsike optimeringer', '3.00', '4.00', 2, '', 8, 0, 3, 1, 2, 1, 0, 0),
(1510, 'Løbende dataanalyse i relation til SEO og prioritering af teknsike optimeringer', '3.00', '4.00', 0, '', 9, 0, 3, 1, 2, 1, 0, 0),
(1511, 'Paid Social Optimering, Kampagner og udvikling', '11.00', '18.00', 0, '', 8, 0, 15, 1, 2, 3, 0, 0),
(1512, 'Løbende sparring, rådgivninger, dialoger i hverdagen med Verdo', '3.00', '4.00', 0, '', 8, 0, 3, 1, 2, 8, 0, 0),
(1513, 'Løbende sparring, rådgivninger, dialoger i hverdagen med Verdo', '3.00', '4.00', 0, '', 9, 0, 3, 1, 2, 8, 0, 0),
(1514, 'Løbende sparring og datadeling til welovedesign ', '1.00', '2.00', 0, '', 8, 0, 3, 1, 2, 8, 0, 0),
(1515, 'Løbende sparring og datadeling til welovedesign ', '1.00', '2.00', 0, '', 9, 0, 3, 1, 2, 8, 0, 0),
(1516, 'SEO360: Teknisk, Onsite og Off site SEO: Fokus på etablering af fundament og efterfølgende gradual udvikling af performance jf performance audit indsigter', '3.00', '4.00', 0, '', 9, 0, 27, 1, 2, 1, 0, 0),
(1517, 'Kontinuerlig overvågning og optimering af performance på Google Ads (search ads, Video og display)', '2.00', '4.00', 0, '', 9, 0, 27, 1, 2, 2, 0, 0),
(1518, 'Kontinuerlig overvågning og optimering af performance på Social Media (Facebook/Instagram og netværk) ', '3.00', '4.00', 0, '', 9, 0, 27, 1, 2, 3, 0, 0),
(1519, 'Produktion af kreativer til annoncering og kommercielle landingpages. ', '2.00', '3.00', 0, '', 9, 0, 27, 1, 2, 9, 0, 0),
(1520, 'Kontinuerlig overvågning og optimering af performance på Google Ads (search ads, Video og display)', '2.00', '3.00', 0, '', 9, 0, 27, 1, 2, 2, 0, 0),
(1521, 'Kontinuerlig overvågning og optimering af performance på Social Media (Facebook/Instagram og netværk) ', '2.00', '3.00', 0, '', 9, 0, 27, 1, 2, 3, 0, 0),
(1522, 'Produktion af kreativer til annoncering og kommercielle landingpages. ', '1.00', '2.00', 0, '', 9, 0, 27, 1, 2, 9, 0, 0),
(1523, 'Kontinuerlig analyse og optimering af flows inkl. feedback til FJ Industries', '3.00', '4.00', 0, '', 9, 0, 28, 1, 2, 4, 0, 0),
(1524, 'Annoncering på tværs af Google & LinkedIn', '3.00', '4.00', 0, '', 9, 0, 28, 1, 2, 2, 0, 0),
(1525, 'SEO (onpage-optimering, linkbuilding mm)', '2.00', '3.00', 0, '', 9, 0, 28, 1, 2, 1, 0, 0),
(1526, 'Contentbriefs og opsætning af nye landingpages', '2.00', '3.00', 0, '', 9, 0, 28, 1, 2, 7, 0, 0),
(1527, 'Udarbejdelse af kreativer til Google, Facebook og LinkedIn', '3.00', '4.00', 0, '', 9, 0, 28, 1, 2, 9, 0, 0),
(1528, 'Løbende rådgivning, sparring og projektledelse', '3.00', '4.00', 0, '', 9, 0, 28, 1, 2, 8, 0, 0),
(1529, 'Content mapping og månedlige SEO brifes for content prioritering og produktioner baseret på databaseret efterspørgsel', '5.00', '6.00', 2, '', 8, 0, 52, 1, 2, 1, 0, 0),
(1530, 'Content mapping og månedlige SEO brifes for content prioritering og produktioner baseret på databaseret efterspørgsel', '5.00', '6.00', 0, '', 9, 0, 52, 1, 2, 1, 0, 0),
(1531, 'Løbende dataanalyse på tværs af SEO setups', '2.00', '3.00', 0, '', 8, 0, 52, 1, 2, 1, 0, 0),
(1532, 'Løbende dataanalyse på tværs af SEO setups', '2.00', '3.00', 0, '', 9, 0, 52, 1, 2, 1, 0, 0),
(1533, 'Kontinuerlige performance-optimeringer, opsætning af kampagner mv.', '3.00', '4.00', 0, '', 8, 0, 52, 1, 2, 2, 0, 0),
(1534, 'Kontinuerlige performance-optimeringer, opsætning af kampagner mv.', '3.00', '4.00', 0, '', 9, 0, 52, 1, 2, 2, 0, 0),
(1535, 'Løbende dataanalyse på tværs af setups', '2.00', '3.00', 0, '', 8, 0, 52, 1, 2, 2, 0, 0),
(1536, 'Løbende dataanalyse på tværs af setups', '2.00', '3.00', 0, '', 9, 0, 52, 1, 2, 2, 0, 0),
(1537, 'Kontinuerlige performance-optimeringer, opsætning af kampagner mv.', '6.00', '8.00', 0, '', 8, 0, 52, 1, 2, 3, 0, 0),
(1538, 'Kontinuerlige performance-optimeringer, opsætning af kampagner mv.', '6.00', '8.00', 0, '', 9, 0, 52, 1, 2, 3, 0, 0),
(1539, 'Daglige dialoger om eksisterende setup, optimeringsarbejde, afhængigheder i opgaveløsninger og månedlig performance snak med udgangspunkt i Dashboard.', '3.00', '4.00', 0, '', 8, 0, 52, 1, 2, 8, 0, 0),
(1540, 'Daglige dialoger om eksisterende setup, optimeringsarbejde, afhængigheder i opgaveløsninger og månedlig performance snak med udgangspunkt i Dashboard.', '3.00', '4.00', 0, '', 9, 0, 52, 1, 2, 8, 0, 0),
(1541, 'Løbende sparring med Welovedesign', '2.00', '3.00', 0, '', 8, 0, 52, 1, 2, 8, 0, 0),
(1542, 'Løbende sparring med Welovedesign', '2.00', '3.00', 0, '', 9, 0, 52, 1, 2, 8, 0, 0),
(1543, 'Snak om interne events', '1.00', '2.00', 3, '', 7, 0, 56, 8, 1, 8, 0, 0),
(1544, 'Onboarding af Nicolai inkl. feedback sessions', '4.00', '5.00', 3, '', 7, 0, 56, 8, 1, 8, 0, 0),
(1545, 'Paid Seaerch - optimering, udbygning og vedligehold ', '4.00', '4.00', 0, '', 9, 0, 66, 1, 2, 2, 0, 0),
(1546, 'Paid Social: Kontinuerlig håndtering og optimering af social setup på tværs af relevante platforme', '5.00', '5.00', 0, '', 9, 0, 66, 1, 2, 3, 0, 0),
(1547, 'SEO', '10.00', '10.00', 0, 'content creation jf. victors contentplan', 9, 0, 66, 1, 2, 1, 0, 0),
(1548, 'Projektledelse: Dialog omkring løsning, opfølgning på opgaver, touch-bases og intern projektledelse', '3.00', '3.00', 0, '', 9, 0, 66, 1, 2, 8, 0, 0),
(1549, 'vedligehold af webshopløsning (apps, plugins mv.)', '3.00', '4.00', 0, '', 9, 0, 70, 1, 2, 5, 0, 0),
(1550, 'Paid Seaerch - optimering, udbygning og vedligehold ', '3.00', '3.00', 0, '', 9, 0, 70, 1, 2, 2, 0, 0),
(1551, 'Buffer: Opstart', '4.00', '4.00', 3, '', 7, 0, 73, 8, 2, 2, 0, 0),
(1552, 'Søgemaskineoptimering inkl. linkbuilding og contentanbefalinger', '3.50', '4.00', 0, '', 8, 0, 1, 1, 2, 1, 0, 0),
(1553, 'Optimering og briefing på kreativer (grafik, banner og video)', '1.00', '2.00', 0, '', 8, 0, 1, 1, 2, 3, 0, 0),
(1554, 'Google Ads (inkl. Display) og Bing Ads annoncering', '7.00', '8.00', 3, '', 8, 0, 1, 1, 2, 2, 0, 0),
(1555, 'Facebook og Instagram annoncering', '7.00', '8.00', 3, '', 8, 0, 1, 1, 2, 3, 0, 0),
(1556, 'Dialog og sparring', '1.50', '2.00', 3, '', 8, 0, 1, 1, 2, 8, 0, 0),
(1557, 'Kampagne: Mors dag', '4.00', '5.00', 3, '', 8, 0, 1, 1, 2, 14, 0, 0),
(1558, 'Kampagne: Fars dag', '6.00', '7.00', 0, '', 8, 0, 1, 1, 2, 14, 0, 0),
(1559, 'Søgemaskineoptimering inkl. linkbuilding og contentanbefalinger', '3.50', '4.00', 0, '', 8, 0, 62, 1, 2, 1, 0, 0),
(1560, 'Optimering og briefing på kreativer (grafik, banner og video)', '1.00', '2.00', 0, '', 8, 0, 62, 1, 2, 9, 0, 0),
(1561, 'Google Ads (inkl. Display) og Bing Ads annoncering', '6.00', '7.00', 0, '', 8, 0, 62, 1, 2, 2, 0, 0),
(1562, 'Facebook og Instagram annoncering', '6.00', '7.00', 0, '', 8, 0, 62, 1, 2, 3, 0, 0),
(1563, 'Dialog og sparring', '1.50', '2.00', 0, '', 8, 0, 62, 1, 2, 8, 0, 0),
(1564, 'Søgemaskineoptimering inkl. linkbuilding og contentanbefalinger', '3.50', '4.00', 0, '', 8, 0, 63, 1, 2, 1, 0, 0),
(1565, 'Optimering og briefing på kreativer (grafik, banner og video)', '1.00', '2.00', 0, '', 8, 0, 63, 1, 2, 9, 0, 0),
(1566, 'Google Ads (inkl. Display) og Bing Ads annoncering', '6.00', '7.00', 3, '', 8, 0, 63, 1, 2, 2, 0, 0),
(1567, 'Facebook og Instagram annoncering', '6.00', '7.00', 0, '', 8, 0, 63, 1, 2, 3, 0, 0),
(1568, 'Dialog og sparring', '1.50', '2.00', 0, '', 8, 0, 63, 1, 2, 8, 0, 0),
(1569, 'Kampagne: Mors dag', '2.00', '3.00', 0, '', 8, 0, 63, 1, 2, 14, 0, 0),
(1570, 'Kampagne: Mors dag', '3.00', '5.00', 0, '', 8, 0, 64, 1, 2, 14, 0, 0),
(1571, 'Kampagne: Fars dag', '3.00', '5.00', 0, '', 8, 0, 64, 1, 2, 14, 0, 0),
(1572, 'Hybrid', '4.00', '6.00', 0, '', 8, 0, 56, 1, 1, 5, 0, 0),
(1573, 'Ledergruppemøder', '12.00', '14.00', 0, '', 8, 0, 56, 1, 1, 8, 0, 0),
(1574, 'Rekruttering', '4.00', '6.00', 0, '', 8, 0, 56, 1, 1, 8, 0, 0),
(1575, 'Interne tools og videre med serverside tracking', '6.00', '8.00', 0, '', 8, 0, 56, 1, 1, 5, 0, 0),
(1576, 'Udvikling af planning tool', '16.00', '18.00', 1, '', 8, 0, 56, 1, 1, 5, 0, 1),
(1577, 'Website opgaver (KYNETIC og Hybrid)', '18.00', '20.00', 1, '', 8, 0, 56, 1, 1, 5, 0, 1),
(1578, 'Ferie', '48.00', '48.00', 0, '', 8, 0, 56, 1, 1, 8, 0, 0),
(1580, 'Webinar forberedelse', '16.00', '18.00', 0, '', 8, 0, 58, 1, 1, 7, 0, 0),
(1581, 'Muehlhan tysk site buffer (afventer godkendelse)', '65.00', '70.00', 0, '', 8, 0, 11, 1, 2, 5, 0, 0),
(1582, 'IT onboarding og forberedelse', '2.00', '3.00', 0, '', 8, 0, 56, 7, 1, 8, 0, 0),
(1583, 'Google Ads: Løbende optimering af KYNETIC framework. Dette kan indebære opgaver som ny kampagneopsætning, scripts setups, tracking, analysearbejde, splittesting mv.)', '8.00', '9.00', 0, '', 8, 0, 13, 1, 2, 2, 0, 0),
(1584, 'Facebook Ads og Linkedin Ads:  Løbende optimering af KYNETIC framework. Dette kan indebære opgaver som ny kampagneopsætning, automatiserede regler,  tracking, analysearbejde, splittesting mv.)', '8.00', '11.00', 1, '', 8, 0, 13, 1, 2, 3, 0, 0),
(1585, 'Assistance til Dun & Bradstreet for migrering til nyt CMS. Dette inkluderer teknisk sikring af sitet ved overførsel for at undgå mistede rankings, linkstruktur, fjernelse af forældede URLs, sikring af tracking samt evt. ad hoc opgaver i samarbejde med Sverige-kont', '8.00', '10.00', 3, '', 8, 0, 13, 1, 2, 8, 0, 0),
(1586, 'Organisk LinkedIn', '4.00', '5.00', 3, '', 8, 0, 13, 1, 2, 3, 0, 0),
(1587, 'Forbedring og optimering af menustruktur - Bruges på Organisk LinkedIn', '4.00', '5.00', 3, '', 8, 0, 13, 1, 2, 3, 0, 0),
(1588, 'Datanalyse: Fokus på gennemgang af Google Ads, LinkedIn og Facebook annonceringssetups og deres impact på performance. Herudover analyse af data i Google Analytics mhp. Optimering i betalte kanaler ', '3.00', '4.00', 3, '', 8, 0, 13, 1, 2, 14, 0, 0),
(1589, 'Særlig kampagne-indsats med fokus på Go-to-Market kampagner inkl. koordinering med SE-kontoret', '4.00', '6.00', 1, '', 8, 0, 13, 1, 2, 3, 0, 0),
(1590, 'Løbende rådgivning, sparring og projektledelse inkl. dialog omkring produktlanceirnger, brandingkampagner mm. Dette inkluderer weekly touch base møder med D&B marketingsansvarlig ', '9.00', '12.00', 0, '', 8, 0, 13, 1, 2, 8, 0, 0),
(1591, 'Månedsmøde med SME', '2.00', '3.00', 0, '', 8, 0, 13, 1, 2, 8, 0, 0),
(1592, 'Teknisk SEO analyse med fokus på optimering af website inkl. dokumentation for optimering til 3. parts udviklere (engelsk) - ekskl. implementering (Maj opgave bruges til QA og optimeringsanbefalinger) inkl. sitemap anbefalinger', '4.00', '5.00', 0, '', 8, 0, 50, 1, 2, 1, 0, 0),
(1593, 'Kontinuerlig overvågning og optimering af performance på Googel Ads og Microsoft Ads (search ads, shopping & display) inkl. feed management', '12.00', '15.00', 0, '', 8, 0, 50, 1, 2, 2, 0, 0),
(1594, 'Kontinuerlig overvågning og optimering af performance på Social Media (Facebook/Instagram og netværk) ', '8.00', '10.00', 1, '', 8, 0, 50, 1, 2, 3, 0, 0),
(1595, 'Anbefalinger til Linkbuildingartikler ekskl. produktion af content. Briefs udarbejdes pga. efterspørgselsanalysen. Denne opgave fokuserer på briefs til content indhold, kontakt til og publicering hos udbydere samt QA af publiceret indhold. ', '3.00', '4.00', 3, '', 8, 0, 50, 1, 2, 1, 0, 0),
(1596, 'Løbende rådgivning og projektledelse inkl. bi-weekly meetings', '4.00', '5.00', 0, '', 8, 0, 50, 1, 2, 8, 0, 0),
(1597, 'Intern marketing (taget fra buffer)', '2.00', '2.00', 3, 'Hjælp med interne flows', 7, 0, 58, 8, 1, 4, 0, 0),
(1598, 'Udvikling af nyt specs overblik i wiki', '6.00', '8.00', 0, '', 8, 0, 56, 1, 1, 3, 0, 0),
(1599, 'Paid Social: Kontinuerlig håndtering og optimering af social setup ', '3.00', '3.00', 0, 'opsætning af nye kampagner \r\nfokus afstemmes med Kristina ', 9, 0, 70, 1, 2, 3, 0, 0),
(1600, 'Paid Social - optimering af eksisterende setup + opsætning af nye kampagner', '4.00', '4.00', 0, 'Optimering af annoncer.<br />Opsætning af nye kampagner - igangsæt ny leadkampagne. <br /><br />+ performancestatus på fødselsdagskampagnerne i Juni', 9, 0, 32, 1, 2, 3, 0, 0),
(1601, 'Paid Social - optimering af eksisterende setup + opsætning af nye kampagner', '3.00', '4.00', 0, 'Optimering af annoncer.\r\nOpsætning af nye kampagner - igangsæt ny leadkampagne. \r\n\r\n+ performancestatus på fødselsdagskampagnerne i Juni', 9, 0, 32, 1, 2, 3, 0, 0),
(1602, 'SEO - optimering af bl. TT, content, andet', '3.00', '4.00', 0, '', 9, 0, 32, 1, 2, 1, 0, 0),
(1603, 'Google Ads', '3.00', '4.00', 0, '', 8, 0, 45, 1, 2, 2, 0, 0),
(1604, 'Nyhedsbrev', '6.00', '9.00', 0, '', 8, 0, 58, 1, 1, 7, 0, 0),
(1605, 'Rådgivning, sparring og projektledelse', '1.00', '2.00', 0, '', 8, 0, 45, 1, 2, 8, 0, 0),
(1606, 'webinar', '8.00', '10.00', 0, 'forberedelse + afholdelse af webinar ', 8, 0, 56, 1, 1, 8, 0, 0),
(1608, 'Webinars - 2 stk', '8.00', '12.00', 0, '', 8, 0, 58, 1, 1, 7, 0, 0),
(1609, 'Opsætning af landingpages på nyt website. KYNETIC sikrer kvaliteten af content ift. SEO samt laver implementering på website', '10.00', '12.00', 3, '', 8, 0, 4, 1, 2, 1, 0, 0),
(1610, 'Social media posts (weekly)', '10.00', '16.00', 0, '', 8, 0, 58, 1, 1, 7, 0, 0),
(1611, 'Opsætning af 2 skjulte landingssider målrettet liebhaveri opbygning af kreativer og B2B for bedre målretning i paid social', '6.00', '8.00', 1, '--------------------------------------------- Kreativer -----------------------------------------------<br />- Opret kreativer m. fokus på B2B opgaver<br />- Opret kreativer m. fokus på Liebhaveri opgaver<br />-------------------------------------------- Kampagner ----------------------------------------------<br />- Oprettelse af kampagne mod B2B (evt. Linkedin)<br />- Oprettelse af kampagne mod Liebhaveri<br />------------------------------------------ Landingpages ---------------------------------------------<br />- Oprettelse/konvertingsoptimering af kampagne mod B2B<br />- Oprettelse/konvertingsoptimering af kampagne mod Liebhaveri', 8, 0, 4, 1, 2, 3, 0, 0),
(1612, 'Tilpasning af website design, herunder USP ikoner samt opsætning af tags på projektgalleri og filteringsløsning', '7.00', '9.00', 0, '', 8, 0, 4, 1, 2, 5, 0, 0),
(1613, 'Marketing buffer', '5.00', '7.00', 0, '', 8, 0, 58, 1, 1, 7, 0, 0),
(1614, 'Annoncer', '5.00', '7.00', 0, '', 8, 0, 58, 1, 1, 7, 0, 0),
(1615, 'Migrering af eksisterende website til nyt, inkl. redirects og teknisk SEO sikring efter aktivering af nyt website', '5.00', '6.00', 1, '', 8, 0, 4, 1, 2, 1, 0, 0),
(1616, 'Kontinuerlig håndtering og optimering af Google Ads og Microsoft Ads setup inkl. Search og Display (geografisk afgrænset)', '4.00', '5.00', 1, '', 8, 0, 4, 1, 2, 2, 0, 0),
(1617, 'Kontinuerlig håndtering og optimering af Facebook og Instagram Ads, herunder både annoncering med henblik på leadgenerering men også rekruttering/jobannoncering', '3.00', '4.00', 1, '', 8, 0, 4, 1, 2, 3, 0, 0),
(1618, 'Overdragelse og dokumentation', '3.00', '5.00', 0, '', 8, 0, 58, 1, 1, 8, 0, 0),
(1619, 'Kontinuerlige contentanbefalinger og briefings inkl. kvalitetstjek af contentproduktion inkl. monitorering af teknisk SEO setup', '3.00', '4.00', 1, '', 8, 0, 4, 1, 2, 1, 0, 0),
(1620, 'Løbende rådgivning, sparring og projektledelse af forretning, fokus, udvikling, strategi, fokus osv. ', '3.00', '4.00', 3, '', 8, 0, 4, 1, 2, 8, 0, 0),
(1621, 'Kunde-dokumentation og overdragelse', '4.00', '6.00', 0, '', 8, 0, 58, 1, 1, 7, 0, 0),
(1622, 'Sikring af tracking KPI\'er, micro-moments og attribution modelling på tværs af kanalmix og aktivitet', '1.00', '2.00', 3, '', 8, 0, 2, 1, 2, 6, 0, 0),
(1623, 'Daglig og kontinuerlig performance marketing optimering af setup for social media: Facebook Ads (leads ads, DPA retargeting, classic ads mv.) - i KYNETIC Paid ads Social strukturer/framework', '5.00', '7.00', 3, '', 8, 0, 2, 1, 2, 3, 0, 0),
(1624, '360 graders SEO inkl. Linkbuilding, teknisk og onpage udvikling af organisk serach performance - i KYNETIC holistisk SEO/organisk Struktur/framework: KYNETIC analyserer, briefer og strukturerer, Bloomit producerer og implementerer på site/til artikler', '5.00', '6.00', 1, '', 8, 0, 2, 1, 2, 1, 0, 0),
(1625, 'Optimering af eksisternede MA flows og bygge nye inkl. konceptualisering og content', '20.00', '30.00', 1, '', 8, 0, 58, 1, 1, 4, 0, 0),
(1626, 'Kontinuerlig data-analyse på site inkl løbende CRO tiltag og i kanaler, sideløbende med prformance optimeringer (eksempelvis attribution analyse på social, for dybere at forstå hvad der virker og skal prioriteres op/ned i performance eller til CRO hypotese og test', '3.00', '4.00', 3, '', 8, 0, 2, 1, 2, 13, 0, 0),
(1627, 'Kontinulerlig kampagneplanning, udvikling og opsætning, samt særlig kampagne-indsats ved store blomstermarked- occasions (Valentines day, Mors dag, Jul) på tværs af kanaler/touches', '7.00', '8.00', 3, '', 8, 0, 2, 1, 2, 14, 0, 0),
(1628, '1 x Blogindlæg og contentproduktion til 2 X landingpages', '10.00', '15.00', 0, '', 8, 0, 58, 1, 1, 7, 0, 0),
(1629, 'CDP: Kontinuerligt data og segment vedligeholdelse og udvikling på tværs af kanaler', '4.00', '5.00', 0, '', 8, 0, 2, 1, 2, 6, 0, 0),
(1630, 'CDP: Migrering af eksisterende kanal setups til CDP datagrundlag inkl. testing af performanceforskelle på tværs af kanaler i eksisterende setup', '3.00', '4.00', 0, '', 8, 0, 2, 1, 2, 6, 0, 0),
(1631, 'Projektstyring og dialoger med MT, Bloomit igennem projektimplementeringer', '1.00', '1.00', 0, '', 8, 0, 2, 1, 2, 6, 0, 0),
(1632, 'Opsætning/publicering af blogindlæg i CMS skrevet af teamet ', '8.00', '12.00', 0, '', 8, 0, 58, 1, 1, 7, 0, 0),
(1633, 'MA: Dialog og sparring: Evaluering af performance og forslag til optimeringer', '2.00', '2.00', 2, '', 8, 0, 2, 1, 2, 4, 0, 0),
(1634, 'Løbende rådgivning, sparring og projektledelse', '4.00', '6.00', 3, '', 8, 0, 2, 1, 2, 8, 0, 0),
(1635, 'Analyse på Marketo for D&B - anbefalinger', '8.00', '12.00', 0, 'Der skal laves en analyse af Marketo opsætningen. <br />Kundetask - men registreres på intern tid<br />- Morebizz anbefalinger<br />Tekniske løsninger - penge fra IT budget', 8, 0, 56, 2, 1, 4, 0, 0),
(1636, 'Månedsmøder, ad hoc møder, anbefalinger og actions til kommende periode(r) ', '2.00', '3.00', 3, '', 8, 0, 2, 1, 2, 8, 0, 0),
(1637, 'Snak med Partners', '3.00', '5.00', 0, '', 8, 0, 56, 1, 1, 3, 0, 0),
(1638, 'Garnværkstedet - MA Audit - præsentation af fremtidigt setup', '10.00', '15.00', 1, 'Et Audit af Garnværkstedets MA setup.  - Mailchimp - 2FA<br />Præsentation af optimeringsmuligheder<br /><br />Hav i mente at de befinder sig i shoporama - der er nogle begrænsninger ift. hvad der er muligt at gøre?<br /><br />Noter:<br />Login i kodeark, men 2FA gør at vi ikke kan logge ind uden hjælp', 8, 0, 56, 2, 1, 4, 0, 0),
(1639, 'Garnværkstedet - RoadMap til Siteskifte', '9.00', '10.00', 2, 'Roadmap : hvad kræver et siteskifte\r\n\r\nFra Shoporama til Shopify\r\n\r\nrodmap - prosa omkring :  hvad kræver det. Hvad skal de gøre og hvad gør vi. \r\n+ DM plan \r\n\r\nKristina uddyber opgaven ', 8, 0, 56, 2, 1, 5, 0, 0),
(1640, 'Contentproduktion til 5 linkbuilding artikler', '10.00', '12.00', 0, '', 8, 0, 58, 1, 1, 7, 0, 0),
(1641, 'SEO timer (teknik, linkbuilding planning, onpage optimering)', '10.00', '12.00', 2, '', 8, 0, 58, 1, 1, 1, 0, 0),
(1643, 'projektstyring på tværs af kunder', '6.00', '7.00', 2, 'Dette gælder for de af mine kunder, der endnu ikke er overgået til ny DM plan. Der er ikke nok timer til den projektstyring der ligger. \r\nDe bliver løbende konverteret. ', 8, 0, 56, 1, 1, 8, 0, 0),
(1644, 'Oprettelse af Feed Management best practice dokumentation til Internt Brug', '25.00', '35.00', 0, '', 8, 0, 56, 1, 1, 2, 0, 0),
(1645, 'Bonnier Linkbuilding Buffer - New Bizz', '14.00', '15.00', 1, '', 8, 0, 15, 2, 2, 1, 0, 0),
(1646, 'Kørsel til kundemøder ', '7.00', '8.00', 0, '', 8, 0, 56, 4, 1, 8, 0, 0);
INSERT INTO `tasks` (`task_id`, `task_name`, `task_low`, `task_high`, `task_workflow_status`, `task_description`, `sprint_id`, `project_id`, `customer_id`, `label_id`, `task_type_id`, `task_vertical_id`, `customer_project_id`, `is_external`) VALUES
(1647, 'New Bizz - RS NB tid', '10.00', '12.00', 0, '', 8, 0, 56, 2, 1, 2, 0, 0),
(1648, 'Blogindlæg', '6.00', '8.00', 3, 'Blogindlæg - Next.JS', 7, 0, 56, 3, 1, 7, 0, 0),
(1649, 'Search lead - Udvikling af vores produkt og processer mm.', '15.00', '16.00', 0, '', 8, 0, 56, 1, 1, 2, 0, 0),
(1650, 'Social lead - Udvikling af vores produkt og processer mm.', '15.00', '16.00', 0, '', 8, 0, 56, 1, 1, 3, 0, 0),
(1651, 'Buffer: POV pMax', '5.00', '5.00', 3, '', 7, 0, 56, 8, 1, 2, 0, 0),
(1652, 'Intern lead session', '3.00', '4.00', 3, '', 7, 0, 56, 8, 1, 8, 0, 0),
(1653, 'Whitepaper - Cookieless future - Deadline 18.05', '9.00', '10.00', 2, '', 8, 0, 58, 8, 1, 6, 0, 0),
(1654, 'Udvidelse af dashboard med Google Ads og META kanalsider', '3.00', '4.00', 3, 'Taget fra SEO timerne', 8, 0, 66, 1, 2, 5, 0, 0),
(1655, 'Fred Olsen Møde og forberedelse', '3.00', '4.00', 3, '', 7, 0, 30, 3, 2, 8, 0, 0),
(1656, 'Blogindlæg (buffertid)', '5.00', '5.00', 3, '', 7, 0, 56, 8, 1, 2, 0, 0),
(1657, 'Allokeres til udviklingstimer i Sana', '7.00', '7.00', 0, 'Rykket fra April/Maj', 9, 0, 3, 1, 2, 5, 0, 0),
(1658, 'Ferie KM', '16.00', '16.00', 0, '', 9, 0, 56, 1, 1, 10, 0, 0),
(1659, 'Buffer: Flowering Opstart', '4.00', '5.00', 3, '', 7, 0, 77, 8, 2, 2, 0, 0),
(1660, 'NewBizz/MoreBizz - Zangenberg - Taget fra buffer', '2.00', '3.00', 3, '', 7, 0, 55, 2, 2, 8, 0, 0),
(1661, 'Overført fra April - Opsætning og integration af skræddersyet Performance Cockpit via Google Data Studio som styrings- og -rapporteringsværktøj for primære forretnings- og -marketing KPI\'er', '1.00', '3.00', 3, 'Opsætning og integration af skræddersyet Performance Cockpit via Google Data Studio som styrings- og -rapporteringsværktøj for primære forretnings- og -marketing KPI\'er\r\n\r\nKan først laves når MA delen er færdig og mødet med janni er afholdt, hvor vi har fået klarlagt KPI\'er og vigtige målepunkter fra dem. ', 8, 0, 16, 1, 2, 6, 0, 0),
(1662, 'Webcontent - Implementering af nye formulare på HR website', '1.00', '1.00', 3, 'Timer taget fra projekt buffer', 7, 0, 35, 1, 2, 5, 0, 0),
(1663, 'Bonnier I Form Leadgen kampagne', '11.00', '12.00', 1, 'Spørg Kristian', 8, 0, 15, 1, 2, 2, 0, 0),
(1664, 'Bonnier I Form Leadgen kampagne løbende optimering', '3.00', '4.00', 0, '', 8, 0, 15, 1, 2, 2, 0, 0),
(1665, 'Forberedelse til webinar - overført fra April', '2.00', '3.00', 0, '', 8, 0, 56, 1, 1, 8, 0, 0),
(1666, 'Ekstra projektledelse overført fra April', '3.00', '4.00', 0, '', 8, 0, 16, 1, 2, 8, 0, 0),
(1667, 'SEO audit', '5.00', '7.00', 1, 'Audit af DDM og SEO', 8, 0, 73, 1, 2, 1, 0, 0),
(1668, 'POV Growth Hacking', '4.00', '6.00', 3, '', 8, 0, 58, 1, 1, 10, 0, 0),
(1669, 'Rejsetid', '7.00', '7.00', 3, 'KBH-AAR-KBH 4-5 maj', 8, 0, 56, 4, 1, 4, 0, 0),
(1670, 'Intern tid', '1.00', '1.00', 3, '', 8, 0, 56, 1, 1, 4, 0, 0),
(1671, 'Buffer: Dialog med Google ', '5.00', '5.00', 0, '', 8, 0, 56, 8, 1, 2, 0, 0),
(1672, 'Content produktion - Kontinuerlig onsite contentproduktion RS', '16.00', '18.00', 1, '', 8, 0, 35, 1, 2, 7, 0, 0),
(1673, 'Display.dk', '4.00', '6.00', 2, 'Display.dk overført buffer tid', 8, 0, 70, 8, 2, 5, 0, 0),
(1674, 'Forberedelse til Kynetic Webinar', '3.00', '3.00', 2, '', 8, 0, 58, 8, 1, 4, 0, 0),
(1675, 'DDM Web scraper', '1.00', '1.00', 3, 'Teknisk specifikation af web scraper', 8, 0, 73, 8, 2, 4, 0, 0),
(1676, 'TJR new bizz', '5.50', '5.50', 3, '', 8, 0, 56, 1, 1, 1, 0, 0),
(1677, 'Webscraper til DDM Menuer', '5.00', '6.00', 3, '', 8, 0, 73, 8, 2, 5, 0, 0),
(1679, 'FJ Industries - messeindsats (buffer)', '5.00', '5.00', 3, '', 8, 0, 28, 8, 2, 2, 0, 0),
(1680, 'Newbizz - Qknives', '3.00', '5.00', 3, '', 8, 0, 56, 2, 1, 1, 0, 0),
(1681, 'Opsætning af GA4 + e-handelssporing i GA4', '3.00', '5.00', 0, 'Opsætning af GA4 + e-handelssporing ', 9, 0, 66, 1, 2, 6, 0, 0),
(1682, 'Overdragelse af Kontormøbler', '2.00', '2.00', 3, '', 8, 0, 56, 8, 1, 8, 0, 0),
(1683, 'Qknives MA analyse - new bizz', '6.00', '6.00', 2, '', 8, 0, 56, 8, 1, 4, 0, 0),
(1684, 'Produktion af diplomer og logoer v. 2.0', '4.00', '6.00', 0, '', 8, 0, 13, 1, 2, 9, 0, 0),
(1685, 'New Bizz - KM NB tid', '10.00', '12.00', 0, '', 9, 0, 56, 2, 1, 4, 0, 0),
(1686, 'New Bizz - Vk NB tid', '10.00', '12.00', 0, '', 9, 0, 56, 2, 1, 6, 0, 0),
(1687, 'new bizz & more bizz - KM bizz sparring og udvikling', '15.00', '16.00', 0, '', 8, 0, 56, 2, 1, 4, 0, 0),
(1688, 'Dialog / Møder', '2.00', '3.00', 0, 'Interne dialog og møder', 8, 0, 56, 3, 1, 8, 0, 0),
(1689, 'KVUC More Bizz - SEO analyse (buffer + NB tid)', '3.50', '4.00', 3, '', 8, 0, 38, 8, 2, 1, 0, 0),
(1690, 'ugentlige møder med Jeppe', '2.00', '3.00', 0, '', 8, 0, 56, 1, 1, 8, 0, 0),
(1691, 'Overført fra sprintbuffer: Ekstra tid til projektledelse på Display.dk ', '2.00', '3.00', 0, 'overført fra Sprintbuffer. Bruges til ekstra projektledelse grundet mange udfordringer med vores udviklingsopgaver på sitet. dette har gjort at jeg er nødt til at bruge ekstra tid på mails, telefonmøder mv.', 8, 0, 56, 8, 1, 8, 0, 0),
(1692, 'New Bizz - Bonnier', '6.00', '7.00', 3, '', 8, 0, 56, 1, 1, 1, 0, 0),
(1693, 'Zangenberg forundersøgelse', '18.00', '20.00', 2, '', 8, 0, 55, 1, 2, 4, 0, 0),
(1694, 'Kundeskriv ang. ny cookie consent ', '3.00', '3.00', 3, '', 8, 0, 56, 3, 1, 2, 0, 0),
(1695, 'Dun & Bradstreet: Overdragelse af Organisk LinkedIn for D&B', '8.00', '10.00', 1, 'Bruges til god indflyvning af opgaven samt intromøde med kunden', 8, 0, 56, 3, 1, 7, 0, 0),
(1696, 'Intern Tid: Kundeskriv ang. ny cookielovgivning (Google Ads)', '3.50', '4.00', 3, '', 8, 0, 56, 3, 1, 2, 0, 0),
(1697, 'Blogindlæg', '4.00', '5.00', 0, '', 8, 0, 56, 8, 1, 7, 0, 0);

-- --------------------------------------------------------

--
-- Struktur-dump for tabellen `task_persons`
--

CREATE TABLE `task_persons` (
  `task_person_id` int(11) NOT NULL,
  `task_id` int(11) NOT NULL,
  `person_id` int(11) NOT NULL,
  `time_percentage_allocated` int(11) NOT NULL DEFAULT 0
) ENGINE=InnoDB DEFAULT CHARSET=latin1;

--
-- Data dump for tabellen `task_persons`
--

INSERT INTO `task_persons` (`task_person_id`, `task_id`, `person_id`, `time_percentage_allocated`) VALUES
(101, 43, 1, 0),
(102, 43, 2, 0),
(104, 45, 30, 0),
(105, 46, 30, 0),
(107, 48, 2, 0),
(108, 49, 25, 0),
(109, 50, 24, 0),
(110, 50, 29, 0),
(111, 51, 1, 0),
(112, 52, 24, 0),
(113, 53, 30, 0),
(114, 54, 24, 0),
(115, 55, 24, 0),
(116, 55, 25, 0),
(117, 55, 29, 0),
(118, 56, 30, 0),
(119, 57, 2, 0),
(121, 59, 21, 0),
(123, 60, 21, 0),
(124, 60, 24, 0),
(126, 62, 27, 0),
(127, 63, 30, 0),
(129, 64, 21, 0),
(130, 64, 27, 0),
(131, 65, 2, 0),
(132, 66, 2, 0),
(133, 67, 20, 0),
(134, 68, 21, 0),
(136, 69, 24, 0),
(137, 70, 25, 0),
(138, 71, 25, 0),
(139, 72, 24, 0),
(141, 74, 24, 0),
(143, 76, 30, 0),
(144, 77, 2, 0),
(145, 78, 30, 0),
(146, 79, 30, 0),
(147, 80, 24, 0),
(148, 80, 30, 0),
(149, 81, 25, 0),
(150, 82, 24, 0),
(152, 84, 25, 0),
(153, 85, 24, 0),
(154, 86, 30, 0),
(156, 88, 2, 0),
(157, 89, 24, 0),
(158, 89, 30, 0),
(161, 92, 25, 0),
(162, 93, 25, 0),
(163, 94, 24, 0),
(164, 95, 24, 0),
(165, 95, 30, 0),
(166, 96, 28, 0),
(167, 97, 28, 0),
(168, 98, 25, 0),
(169, 98, 29, 0),
(170, 99, 20, 0),
(171, 100, 27, 0),
(172, 101, 27, 0),
(173, 102, 27, 0),
(174, 103, 27, 0),
(175, 104, 27, 0),
(176, 105, 20, 0),
(177, 105, 21, 0),
(178, 106, 24, 0),
(179, 106, 29, 0),
(180, 107, 1, 0),
(181, 108, 27, 0),
(182, 109, 27, 0),
(183, 110, 24, 0),
(184, 110, 25, 0),
(185, 110, 29, 0),
(186, 111, 21, 0),
(187, 111, 27, 0),
(188, 112, 27, 0),
(189, 113, 28, 0),
(190, 114, 25, 0),
(191, 114, 29, 0),
(192, 115, 20, 0),
(193, 115, 21, 0),
(194, 116, 20, 0),
(195, 116, 21, 0),
(197, 118, 28, 0),
(198, 119, 30, 0),
(199, 119, 42, 0),
(200, 120, 24, 0),
(201, 120, 25, 0),
(202, 120, 29, 0),
(205, 123, 25, 0),
(206, 124, 24, 0),
(207, 124, 29, 0),
(208, 125, 1, 0),
(209, 126, 24, 0),
(210, 126, 25, 0),
(211, 126, 29, 0),
(212, 127, 25, 0),
(213, 128, 25, 0),
(214, 129, 24, 0),
(215, 130, 24, 0),
(216, 131, 2, 0),
(217, 132, 25, 0),
(219, 133, 21, 0),
(220, 133, 30, 0),
(223, 136, 25, 0),
(224, 136, 26, 0),
(225, 137, 2, 0),
(226, 138, 24, 0),
(227, 138, 25, 0),
(228, 138, 29, 0),
(229, 139, 25, 0),
(230, 139, 26, 0),
(231, 140, 29, 0),
(232, 141, 1, 0),
(234, 141, 30, 0),
(235, 142, 1, 0),
(237, 142, 30, 0),
(239, 143, 40, 0),
(241, 145, 1, 0),
(243, 146, 1, 0),
(244, 146, 27, 0),
(245, 147, 1, 0),
(246, 147, 26, 0),
(247, 147, 29, 0),
(248, 148, 40, 0),
(249, 149, 27, 0),
(250, 150, 1, 0),
(251, 150, 2, 0),
(252, 150, 20, 0),
(253, 150, 21, 0),
(254, 150, 24, 0),
(255, 150, 25, 0),
(256, 150, 26, 0),
(257, 150, 27, 0),
(259, 150, 29, 0),
(260, 150, 30, 0),
(261, 150, 31, 0),
(262, 150, 34, 0),
(263, 150, 35, 0),
(264, 150, 40, 0),
(266, 151, 21, 0),
(267, 152, 30, 0),
(268, 153, 30, 0),
(269, 154, 2, 0),
(270, 155, 24, 0),
(271, 156, 2, 0),
(272, 157, 26, 0),
(274, 159, 21, 0),
(275, 160, 24, 0),
(276, 160, 25, 0),
(277, 161, 25, 0),
(279, 163, 1, 0),
(280, 163, 2, 0),
(282, 163, 21, 0),
(283, 163, 24, 0),
(284, 163, 25, 0),
(285, 163, 26, 0),
(286, 163, 27, 0),
(287, 163, 28, 0),
(288, 163, 29, 0),
(289, 163, 30, 0),
(290, 163, 31, 0),
(291, 163, 34, 0),
(292, 163, 35, 0),
(293, 163, 40, 0),
(294, 164, 1, 0),
(295, 164, 24, 0),
(296, 164, 26, 0),
(297, 164, 28, 0),
(298, 164, 29, 0),
(299, 164, 30, 0),
(300, 165, 1, 0),
(301, 165, 24, 0),
(302, 165, 26, 0),
(303, 165, 28, 0),
(304, 165, 29, 0),
(305, 165, 30, 0),
(306, 166, 2, 0),
(307, 166, 20, 0),
(308, 167, 1, 0),
(309, 167, 2, 0),
(310, 168, 2, 0),
(311, 169, 1, 0),
(312, 170, 1, 0),
(313, 170, 2, 0),
(315, 170, 21, 0),
(316, 170, 24, 0),
(317, 170, 25, 0),
(318, 170, 26, 0),
(319, 170, 27, 0),
(320, 170, 28, 0),
(321, 170, 29, 0),
(322, 170, 30, 0),
(323, 170, 31, 0),
(324, 170, 35, 0),
(325, 170, 40, 0),
(327, 172, 25, 0),
(328, 173, 24, 0),
(330, 175, 25, 0),
(331, 176, 24, 0),
(333, 178, 24, 0),
(334, 179, 27, 0),
(336, 181, 24, 0),
(340, 184, 24, 0),
(341, 185, 24, 0),
(342, 186, 24, 0),
(343, 187, 24, 0),
(344, 188, 25, 0),
(345, 189, 34, 0),
(346, 190, 24, 0),
(347, 191, 2, 0),
(348, 192, 25, 0),
(349, 193, 24, 0),
(350, 194, 35, 0),
(351, 194, 40, 0),
(353, 196, 21, 0),
(354, 197, 20, 0),
(355, 197, 21, 0),
(356, 197, 30, 0),
(357, 198, 24, 0),
(358, 198, 30, 0),
(359, 199, 1, 0),
(360, 199, 2, 0),
(361, 200, 1, 0),
(362, 201, 1, 0),
(363, 202, 1, 0),
(364, 203, 1, 0),
(365, 204, 1, 0),
(366, 204, 20, 0),
(368, 206, 24, 0),
(369, 207, 21, 0),
(370, 208, 28, 0),
(371, 205, 35, 0),
(372, 209, 35, 0),
(375, 211, 40, 0),
(377, 212, 40, 0),
(379, 213, 40, 0),
(380, 214, 25, 0),
(381, 215, 40, 0),
(382, 216, 25, 0),
(383, 217, 26, 0),
(384, 218, 25, 0),
(385, 219, 29, 0),
(386, 220, 29, 0),
(387, 221, 29, 0),
(388, 222, 21, 0),
(389, 223, 35, 0),
(390, 223, 40, 0),
(391, 224, 29, 0),
(392, 225, 26, 0),
(393, 226, 28, 0),
(394, 227, 26, 0),
(395, 227, 29, 0),
(396, 228, 27, 0),
(397, 229, 1, 0),
(398, 230, 27, 0),
(399, 231, 1, 0),
(400, 232, 27, 0),
(401, 233, 1, 0),
(402, 234, 27, 0),
(403, 235, 27, 0),
(404, 236, 25, 0),
(405, 237, 29, 0),
(406, 238, 27, 0),
(407, 239, 26, 0),
(408, 240, 29, 0),
(409, 241, 26, 0),
(410, 242, 29, 0),
(411, 243, 2, 0),
(412, 244, 2, 0),
(413, 245, 2, 0),
(414, 246, 2, 0),
(415, 247, 26, 0),
(416, 247, 29, 0),
(417, 248, 2, 0),
(418, 248, 26, 0),
(419, 248, 29, 0),
(420, 249, 29, 0),
(421, 250, 26, 0),
(422, 251, 29, 0),
(423, 252, 20, 0),
(424, 253, 2, 0),
(425, 253, 29, 0),
(426, 254, 29, 0),
(427, 255, 29, 0),
(428, 256, 26, 0),
(429, 256, 29, 0),
(430, 257, 29, 0),
(431, 258, 29, 0),
(432, 259, 26, 0),
(433, 259, 29, 0),
(434, 260, 26, 0),
(435, 260, 29, 0),
(436, 261, 26, 0),
(437, 261, 40, 0),
(438, 262, 40, 0),
(439, 263, 24, 0),
(440, 264, 26, 0),
(441, 264, 29, 0),
(442, 265, 40, 0),
(443, 266, 26, 0),
(446, 269, 29, 0),
(447, 270, 35, 0),
(448, 271, 29, 0),
(449, 272, 2, 0),
(450, 273, 26, 0),
(451, 273, 29, 0),
(452, 274, 26, 0),
(453, 274, 29, 0),
(454, 275, 40, 0),
(455, 276, 28, 0),
(456, 277, 26, 0),
(457, 277, 29, 0),
(458, 278, 26, 0),
(459, 279, 25, 0),
(460, 280, 28, 0),
(461, 281, 2, 0),
(463, 283, 28, 0),
(465, 285, 28, 0),
(466, 286, 24, 0),
(467, 287, 26, 0),
(468, 288, 28, 0),
(469, 289, 28, 0),
(470, 290, 35, 0),
(471, 291, 26, 0),
(472, 291, 35, 0),
(473, 292, 28, 0),
(474, 293, 2, 0),
(475, 294, 2, 0),
(476, 295, 2, 0),
(477, 296, 2, 0),
(478, 297, 2, 0),
(479, 298, 40, 0),
(480, 299, 2, 0),
(481, 300, 25, 0),
(482, 301, 26, 0),
(483, 302, 40, 0),
(484, 303, 28, 0),
(485, 304, 26, 0),
(486, 305, 26, 0),
(487, 306, 25, 0),
(488, 307, 24, 0),
(489, 308, 24, 0),
(492, 310, 21, 0),
(494, 311, 24, 0),
(495, 311, 31, 0),
(496, 312, 24, 0),
(497, 313, 29, 0),
(498, 314, 29, 0),
(499, 315, 24, 0),
(500, 315, 29, 0),
(501, 316, 29, 0),
(502, 317, 29, 0),
(503, 318, 24, 0),
(504, 318, 29, 0),
(505, 319, 40, 0),
(506, 134, 24, 0),
(507, 320, 28, 0),
(508, 158, 24, 0),
(509, 321, 28, 0),
(511, 322, 28, 0),
(512, 323, 27, 0),
(513, 324, 24, 0),
(514, 324, 25, 0),
(515, 324, 26, 0),
(516, 324, 41, 0),
(517, 325, 35, 0),
(518, 326, 24, 0),
(520, 328, 40, 0),
(522, 44, 46, 0),
(523, 61, 46, 0),
(524, 73, 46, 0),
(525, 75, 46, 0),
(526, 87, 46, 0),
(527, 90, 46, 0),
(528, 91, 40, 0),
(529, 121, 46, 0),
(530, 135, 46, 0),
(531, 182, 46, 0),
(532, 171, 46, 0),
(533, 212, 46, 0),
(534, 211, 46, 0),
(535, 330, 30, 0),
(536, 330, 42, 0),
(539, 284, 46, 0),
(540, 58, 2, 0),
(541, 331, 30, 0),
(543, 268, 26, 0),
(544, 267, 26, 0),
(545, 210, 24, 0),
(546, 123, 26, 0),
(547, 84, 26, 0),
(548, 49, 26, 0),
(549, 332, 40, 0),
(550, 333, 26, 0),
(551, 334, 28, 0),
(552, 335, 31, 0),
(553, 336, 46, 0),
(554, 337, 26, 0),
(555, 337, 30, 0),
(557, 319, 46, 0),
(558, 302, 46, 0),
(561, 339, 1, 0),
(562, 339, 26, 0),
(563, 339, 29, 0),
(564, 339, 30, 0),
(565, 339, 41, 0),
(566, 339, 42, 0),
(567, 340, 28, 0),
(568, 321, 29, 0),
(569, 341, 21, 0),
(570, 342, 2, 0),
(571, 343, 2, 0),
(572, 344, 2, 0),
(573, 345, 2, 0),
(574, 346, 2, 0),
(575, 347, 2, 0),
(576, 348, 2, 0),
(577, 349, 1, 0),
(578, 350, 1, 0),
(579, 351, 24, 0),
(580, 195, 21, 0),
(581, 352, 2, 0),
(582, 353, 26, 0),
(584, 354, 26, 0),
(585, 355, 2, 0),
(586, 355, 29, 0),
(587, 214, 26, 0),
(588, 216, 26, 0),
(589, 218, 26, 0),
(590, 356, 27, 0),
(591, 357, 27, 0),
(592, 358, 34, 0),
(593, 359, 2, 0),
(594, 150, 46, 0),
(597, 265, 35, 0),
(598, 282, 46, 0),
(599, 360, 28, 0),
(600, 361, 28, 0),
(601, 362, 28, 0),
(602, 363, 28, 0),
(603, 364, 28, 0),
(604, 365, 28, 0),
(605, 366, 28, 0),
(606, 367, 28, 0),
(607, 368, 28, 0),
(608, 369, 28, 0),
(609, 370, 28, 0),
(610, 371, 28, 0),
(611, 372, 28, 0),
(612, 150, 28, 0),
(613, 162, 28, 0),
(614, 151, 30, 0),
(615, 251, 24, 0),
(616, 373, 28, 0),
(617, 150, 41, 0),
(618, 150, 41, 0),
(619, 150, 41, 0),
(620, 374, 28, 0),
(621, 375, 28, 0),
(622, 309, 40, 0),
(623, 171, 40, 0),
(624, 369, 40, 0),
(625, 365, 40, 0),
(626, 159, 40, 0),
(627, 376, 30, 0),
(628, 170, 46, 0),
(629, 174, 21, 0),
(630, 177, 21, 0),
(631, 377, 2, 0),
(632, 180, 21, 0),
(633, 183, 21, 0),
(634, 181, 35, 0),
(635, 378, 2, 0),
(636, 236, 35, 0),
(637, 379, 28, 0),
(638, 380, 34, 0),
(639, 381, 26, 0),
(640, 382, 25, 0),
(641, 383, 28, 0),
(642, 384, 28, 0),
(644, 337, 25, 0),
(645, 385, 35, 0),
(646, 49, 40, 0),
(647, 386, 20, 0),
(648, 47, 1, 0),
(649, 222, 40, 0),
(650, 83, 1, 0),
(651, 122, 1, 0),
(652, 176, 40, 0),
(653, 387, 46, 0),
(654, 217, 25, 0),
(655, 388, 26, 0),
(656, 389, 26, 0),
(657, 390, 25, 0),
(658, 390, 26, 0),
(659, 391, 26, 0),
(660, 392, 35, 0),
(661, 393, 1, 0),
(662, 393, 24, 0),
(663, 393, 26, 0),
(664, 393, 28, 0),
(665, 393, 29, 0),
(666, 394, 1, 0),
(667, 394, 24, 0),
(668, 394, 26, 0),
(669, 394, 28, 0),
(670, 394, 29, 0),
(671, 394, 30, 0),
(672, 395, 30, 0),
(674, 395, 40, 0),
(677, 396, 40, 0),
(678, 397, 28, 0),
(679, 398, 40, 0),
(680, 399, 28, 0),
(681, 400, 28, 0),
(682, 401, 28, 0),
(683, 402, 47, 0),
(684, 403, 40, 0),
(685, 353, 46, 0),
(686, 216, 40, 0),
(687, 404, 26, 0),
(688, 405, 31, 0),
(689, 87, 40, 0),
(690, 406, 2, 0),
(691, 407, 2, 0),
(692, 210, 40, 0),
(694, 408, 28, 0),
(695, 409, 28, 0),
(696, 410, 28, 0),
(697, 411, 28, 0),
(698, 412, 26, 0),
(699, 413, 25, 0),
(700, 414, 2, 0),
(701, 415, 26, 0),
(703, 416, 25, 0),
(704, 417, 40, 0),
(705, 417, 46, 0),
(706, 418, 21, 0),
(708, 419, 46, 0),
(709, 420, 2, 0),
(710, 420, 40, 0),
(711, 421, 40, 0),
(712, 421, 46, 0),
(713, 422, 25, 0),
(714, 422, 26, 0),
(715, 423, 26, 0),
(716, 424, 26, 0),
(717, 425, 26, 0),
(718, 426, 29, 0),
(719, 427, 35, 0),
(721, 428, 26, 0),
(722, 429, 26, 0),
(723, 429, 29, 0),
(724, 430, 1, 0),
(725, 430, 2, 0),
(726, 431, 1, 0),
(727, 431, 2, 0),
(728, 432, 1, 0),
(729, 433, 27, 0),
(730, 434, 27, 0),
(731, 435, 27, 0),
(732, 436, 26, 0),
(733, 437, 26, 0),
(734, 438, 35, 0),
(736, 439, 35, 0),
(737, 440, 26, 0),
(738, 441, 25, 0),
(739, 442, 2, 0),
(740, 443, 35, 0),
(741, 444, 46, 0),
(743, 446, 26, 0),
(744, 110, 26, 0),
(745, 120, 26, 0),
(746, 447, 24, 0),
(747, 447, 35, 0),
(748, 448, 27, 0),
(749, 449, 24, 0),
(750, 449, 35, 0),
(752, 451, 21, 0),
(753, 452, 21, 0),
(754, 453, 24, 0),
(755, 454, 31, 0),
(756, 455, 24, 0),
(758, 457, 35, 0),
(760, 459, 24, 0),
(761, 460, 24, 0),
(762, 461, 24, 0),
(763, 462, 28, 0),
(764, 463, 28, 0),
(765, 464, 1, 0),
(766, 464, 2, 0),
(767, 465, 24, 0),
(769, 467, 28, 0),
(770, 468, 29, 0),
(771, 469, 29, 0),
(775, 472, 21, 0),
(776, 472, 40, 0),
(778, 474, 29, 0),
(779, 475, 28, 0),
(780, 476, 2, 0),
(781, 477, 21, 0),
(782, 477, 40, 0),
(783, 478, 25, 0),
(784, 479, 24, 0),
(787, 482, 21, 0),
(788, 482, 24, 0),
(789, 483, 24, 0),
(790, 483, 31, 0),
(791, 484, 24, 0),
(792, 484, 29, 0),
(793, 485, 28, 0),
(794, 486, 24, 0),
(795, 486, 29, 0),
(796, 487, 29, 0),
(797, 488, 2, 0),
(798, 489, 29, 0),
(799, 490, 29, 0),
(802, 491, 46, 0),
(803, 492, 25, 0),
(804, 492, 26, 0),
(805, 493, 29, 0),
(806, 494, 46, 0),
(807, 495, 29, 0),
(808, 496, 24, 0),
(809, 496, 29, 0),
(810, 497, 29, 0),
(811, 498, 29, 0),
(812, 499, 1, 0),
(813, 499, 2, 0),
(814, 500, 25, 0),
(815, 501, 40, 0),
(816, 502, 24, 0),
(817, 503, 28, 0),
(819, 505, 25, 0),
(820, 506, 21, 0),
(821, 506, 40, 0),
(822, 507, 1, 0),
(823, 507, 2, 0),
(824, 508, 28, 0),
(825, 509, 25, 0),
(826, 510, 24, 0),
(827, 511, 28, 0),
(828, 512, 28, 0),
(830, 514, 25, 0),
(831, 515, 28, 0),
(832, 516, 28, 0),
(833, 517, 28, 0),
(834, 518, 28, 0),
(835, 519, 28, 0),
(836, 520, 24, 0),
(837, 521, 24, 0),
(838, 522, 1, 0),
(839, 523, 1, 0),
(840, 523, 2, 0),
(843, 526, 1, 0),
(844, 527, 28, 0),
(845, 528, 24, 0),
(846, 529, 25, 0),
(847, 530, 21, 0),
(849, 532, 24, 0),
(850, 533, 40, 0),
(851, 534, 28, 0),
(853, 536, 24, 0),
(854, 537, 21, 0),
(855, 538, 40, 0),
(856, 539, 28, 0),
(857, 540, 28, 0),
(858, 541, 28, 0),
(859, 542, 28, 0),
(860, 543, 28, 0),
(862, 544, 21, 0),
(863, 544, 40, 0),
(865, 546, 24, 0),
(866, 547, 28, 0),
(867, 548, 28, 0),
(869, 550, 24, 0),
(870, 551, 21, 0),
(871, 551, 40, 0),
(873, 552, 28, 0),
(874, 553, 40, 0),
(875, 554, 24, 0),
(876, 554, 25, 0),
(877, 555, 40, 0),
(878, 556, 28, 0),
(879, 557, 24, 0),
(880, 557, 25, 0),
(881, 558, 26, 0),
(882, 558, 28, 0),
(884, 560, 26, 0),
(887, 562, 29, 0),
(888, 563, 2, 0),
(889, 564, 27, 0),
(890, 565, 1, 0),
(891, 565, 27, 0),
(892, 566, 1, 0),
(893, 566, 27, 0),
(894, 567, 27, 0),
(896, 569, 29, 0),
(897, 570, 27, 0),
(899, 571, 28, 0),
(901, 572, 28, 0),
(902, 573, 29, 0),
(903, 574, 29, 0),
(904, 575, 2, 0),
(906, 576, 27, 0),
(907, 577, 27, 0),
(908, 578, 27, 0),
(909, 579, 27, 0),
(910, 580, 27, 0),
(911, 581, 27, 0),
(912, 582, 27, 0),
(914, 583, 27, 0),
(916, 585, 27, 0),
(917, 586, 26, 0),
(918, 587, 29, 0),
(919, 588, 29, 0),
(920, 589, 2, 0),
(921, 590, 2, 0),
(922, 591, 27, 0),
(923, 592, 27, 0),
(924, 593, 28, 0),
(926, 595, 24, 0),
(927, 596, 24, 0),
(928, 597, 28, 0),
(929, 598, 26, 0),
(930, 598, 29, 0),
(931, 598, 30, 0),
(932, 598, 42, 0),
(935, 601, 30, 0),
(936, 601, 42, 0),
(938, 603, 28, 0),
(939, 604, 28, 0),
(940, 605, 1, 0),
(941, 605, 24, 0),
(942, 605, 26, 0),
(943, 605, 28, 0),
(944, 605, 29, 0),
(945, 605, 30, 0),
(946, 605, 41, 0),
(947, 605, 42, 0),
(949, 606, 24, 0),
(950, 606, 26, 0),
(951, 606, 28, 0),
(952, 606, 29, 0),
(955, 607, 25, 0),
(956, 608, 25, 0),
(957, 609, 24, 0),
(958, 610, 24, 0),
(959, 611, 40, 0),
(960, 611, 46, 0),
(962, 612, 46, 0),
(963, 613, 21, 0),
(964, 614, 21, 0),
(965, 615, 21, 0),
(966, 616, 21, 0),
(967, 617, 21, 0),
(968, 617, 27, 0),
(970, 617, 40, 0),
(971, 619, 24, 0),
(972, 619, 30, 0),
(973, 620, 24, 0),
(974, 620, 30, 0),
(975, 621, 25, 0),
(976, 622, 25, 0),
(977, 623, 25, 0),
(978, 624, 25, 0),
(979, 625, 24, 0),
(980, 626, 24, 0),
(981, 627, 24, 0),
(982, 628, 24, 0),
(984, 630, 46, 0),
(985, 631, 30, 0),
(987, 633, 2, 0),
(988, 633, 40, 0),
(989, 634, 2, 0),
(991, 635, 24, 0),
(993, 636, 24, 0),
(994, 636, 30, 0),
(995, 637, 24, 0),
(996, 637, 30, 0),
(997, 638, 24, 0),
(998, 638, 30, 0),
(999, 639, 24, 0),
(1000, 639, 30, 0),
(1001, 640, 24, 0),
(1002, 640, 30, 0),
(1003, 641, 25, 0),
(1004, 642, 25, 0),
(1005, 643, 24, 0),
(1006, 644, 24, 0),
(1007, 645, 24, 0),
(1008, 645, 30, 0),
(1009, 646, 24, 0),
(1010, 646, 30, 0),
(1011, 647, 40, 0),
(1012, 648, 21, 0),
(1013, 649, 21, 0),
(1014, 650, 20, 0),
(1016, 652, 30, 0),
(1017, 652, 40, 0),
(1018, 653, 26, 0),
(1019, 653, 46, 0),
(1021, 654, 26, 0),
(1022, 655, 25, 0),
(1024, 657, 29, 0),
(1025, 658, 27, 0),
(1026, 654, 35, 0),
(1027, 659, 25, 0),
(1028, 286, 46, 0),
(1029, 117, 40, 0),
(1030, 660, 31, 0),
(1031, 661, 46, 0),
(1032, 662, 25, 0),
(1034, 664, 1, 0),
(1035, 665, 24, 0),
(1036, 665, 25, 0),
(1037, 665, 29, 0),
(1038, 666, 46, 0),
(1039, 667, 25, 0),
(1040, 667, 26, 0),
(1042, 669, 1, 0),
(1043, 670, 24, 0),
(1044, 670, 25, 0),
(1045, 670, 29, 0),
(1046, 671, 24, 0),
(1047, 671, 25, 0),
(1048, 671, 29, 0),
(1049, 672, 46, 0),
(1050, 673, 25, 0),
(1052, 675, 1, 0),
(1053, 676, 24, 0),
(1054, 676, 25, 0),
(1055, 676, 29, 0),
(1056, 677, 2, 0),
(1057, 677, 24, 0),
(1058, 678, 24, 0),
(1060, 679, 1, 0),
(1061, 679, 2, 0),
(1062, 679, 21, 0),
(1063, 679, 24, 0),
(1064, 679, 25, 0),
(1065, 679, 26, 0),
(1066, 679, 27, 0),
(1067, 679, 28, 0),
(1068, 679, 29, 0),
(1069, 679, 30, 0),
(1070, 679, 35, 0),
(1071, 679, 40, 0),
(1072, 679, 46, 0),
(1073, 679, 47, 0),
(1074, 680, 1, 0),
(1075, 680, 2, 0),
(1076, 680, 21, 0),
(1078, 680, 25, 0),
(1079, 680, 26, 0),
(1080, 680, 27, 0),
(1081, 680, 28, 0),
(1083, 680, 30, 0),
(1084, 680, 35, 0),
(1085, 680, 40, 0),
(1086, 680, 46, 0),
(1087, 680, 47, 0),
(1088, 681, 46, 0),
(1090, 682, 41, 0),
(1091, 683, 24, 0),
(1092, 683, 35, 0),
(1093, 684, 27, 0),
(1094, 685, 24, 0),
(1095, 685, 35, 0),
(1096, 686, 24, 0),
(1097, 686, 35, 0),
(1098, 687, 27, 0),
(1099, 688, 46, 0),
(1100, 689, 21, 0),
(1101, 690, 21, 0),
(1102, 691, 24, 0),
(1103, 692, 24, 0),
(1104, 693, 24, 0),
(1105, 694, 1, 0),
(1106, 695, 1, 0),
(1107, 695, 21, 0),
(1108, 695, 24, 0),
(1109, 696, 1, 0),
(1110, 697, 26, 0),
(1111, 697, 29, 0),
(1112, 698, 2, 0),
(1114, 700, 29, 0),
(1116, 702, 26, 0),
(1117, 702, 29, 0),
(1118, 703, 26, 0),
(1119, 703, 29, 0),
(1120, 704, 1, 0),
(1121, 704, 2, 0),
(1122, 705, 40, 0),
(1123, 706, 26, 0),
(1124, 706, 40, 0),
(1125, 707, 2, 0),
(1126, 708, 2, 0),
(1127, 708, 26, 0),
(1128, 709, 1, 0),
(1129, 710, 26, 0),
(1130, 710, 29, 0),
(1131, 711, 2, 0),
(1132, 712, 1, 0),
(1133, 713, 30, 0),
(1134, 714, 30, 0),
(1135, 663, 24, 0),
(1136, 668, 24, 0),
(1137, 674, 24, 0),
(1138, 715, 30, 0),
(1139, 716, 30, 0),
(1140, 615, 20, 0),
(1141, 498, 26, 0),
(1142, 656, 40, 0),
(1143, 717, 29, 0),
(1144, 466, 35, 0),
(1145, 498, 28, 0),
(1146, 718, 24, 0),
(1147, 562, 30, 0),
(1148, 562, 21, 0),
(1149, 561, 30, 0),
(1150, 561, 21, 0),
(1151, 561, 20, 0),
(1152, 562, 20, 0),
(1154, 559, 30, 0),
(1155, 568, 25, 0),
(1156, 719, 25, 0),
(1157, 560, 25, 0),
(1158, 560, 30, 0),
(1159, 569, 30, 0),
(1160, 699, 35, 0),
(1161, 415, 25, 0),
(1162, 701, 20, 0),
(1165, 594, 35, 0),
(1166, 531, 26, 0),
(1168, 531, 47, 0),
(1169, 545, 35, 0),
(1170, 470, 35, 0),
(1171, 720, 21, 0),
(1172, 131, 40, 0),
(1173, 721, 25, 0),
(1174, 722, 25, 0),
(1175, 723, 40, 0),
(1176, 724, 46, 0),
(1177, 68, 46, 0),
(1180, 725, 26, 0),
(1181, 726, 2, 0),
(1182, 727, 28, 0),
(1183, 59, 40, 0),
(1184, 242, 21, 0),
(1185, 728, 35, 0),
(1186, 483, 21, 0),
(1187, 729, 24, 0),
(1188, 249, 24, 0),
(1189, 647, 30, 0),
(1190, 680, 24, 0),
(1191, 303, 24, 0),
(1192, 730, 31, 0),
(1193, 731, 27, 0),
(1194, 732, 46, 0),
(1195, 733, 46, 0),
(1196, 734, 46, 0),
(1197, 735, 27, 0),
(1198, 736, 40, 0),
(1199, 737, 40, 0),
(1200, 738, 47, 0),
(1201, 739, 47, 0),
(1202, 740, 35, 0),
(1203, 450, 46, 0),
(1204, 455, 35, 0),
(1206, 641, 46, 0),
(1207, 741, 2, 0),
(1208, 742, 35, 0),
(1209, 743, 25, 0),
(1210, 744, 25, 0),
(1211, 635, 40, 0),
(1212, 481, 21, 0),
(1213, 481, 29, 0),
(1214, 745, 27, 0),
(1216, 747, 25, 0),
(1217, 748, 24, 0),
(1218, 749, 21, 0),
(1223, 752, 21, 0),
(1224, 753, 26, 0),
(1225, 753, 40, 0),
(1226, 754, 26, 0),
(1227, 754, 40, 0),
(1228, 473, 40, 0),
(1229, 471, 40, 0),
(1230, 755, 28, 0),
(1231, 756, 28, 0),
(1232, 757, 28, 0),
(1233, 758, 28, 0),
(1234, 759, 24, 0),
(1235, 760, 24, 0),
(1236, 761, 40, 0),
(1237, 762, 30, 0),
(1238, 763, 28, 0),
(1239, 764, 27, 0),
(1241, 678, 35, 0),
(1242, 765, 40, 0),
(1243, 491, 40, 0),
(1244, 445, 46, 0),
(1245, 766, 24, 0),
(1246, 767, 28, 0),
(1248, 533, 21, 0),
(1249, 768, 41, 0),
(1250, 601, 1, 0),
(1251, 601, 41, 0),
(1252, 458, 1, 0),
(1253, 769, 1, 0),
(1254, 631, 35, 0),
(1256, 629, 35, 0),
(1257, 770, 46, 0),
(1259, 772, 25, 0),
(1260, 773, 27, 0),
(1261, 774, 27, 0),
(1262, 775, 27, 0),
(1263, 776, 27, 0),
(1264, 777, 24, 0),
(1265, 777, 25, 0),
(1266, 777, 30, 0),
(1267, 778, 40, 0),
(1268, 779, 40, 0),
(1269, 650, 30, 0),
(1270, 780, 2, 0),
(1271, 781, 2, 0),
(1272, 746, 35, 0),
(1273, 750, 35, 0),
(1274, 751, 35, 0),
(1275, 782, 24, 0),
(1276, 783, 24, 0),
(1277, 784, 1, 0),
(1278, 784, 2, 0),
(1279, 784, 30, 0),
(1280, 784, 42, 0),
(1281, 785, 40, 0),
(1282, 786, 25, 0),
(1283, 787, 27, 0),
(1284, 788, 27, 0),
(1285, 789, 27, 0),
(1286, 790, 25, 0),
(1287, 791, 30, 0),
(1288, 792, 30, 0),
(1289, 618, 1, 0),
(1290, 618, 40, 0),
(1291, 618, 21, 0),
(1292, 793, 40, 0),
(1293, 794, 40, 0),
(1294, 795, 24, 0),
(1296, 797, 21, 0),
(1297, 798, 20, 0),
(1298, 798, 21, 0),
(1299, 798, 30, 0),
(1300, 799, 24, 0),
(1301, 799, 30, 0),
(1302, 800, 25, 0),
(1303, 801, 25, 0),
(1307, 803, 26, 0),
(1308, 803, 35, 0),
(1309, 804, 29, 0),
(1310, 805, 29, 0),
(1311, 806, 40, 0),
(1312, 807, 46, 0),
(1313, 808, 25, 0),
(1315, 810, 21, 0),
(1316, 811, 25, 0),
(1318, 813, 21, 0),
(1319, 814, 46, 0),
(1320, 815, 25, 0),
(1323, 818, 25, 0),
(1326, 821, 46, 0),
(1327, 822, 24, 0),
(1328, 822, 27, 0),
(1329, 822, 35, 0),
(1330, 823, 27, 0),
(1331, 824, 24, 0),
(1332, 824, 35, 0),
(1333, 825, 46, 0),
(1336, 828, 24, 0),
(1337, 829, 24, 0),
(1338, 829, 30, 0),
(1339, 830, 21, 0),
(1340, 831, 21, 0),
(1341, 832, 25, 0),
(1342, 833, 25, 0),
(1343, 834, 24, 0),
(1344, 835, 24, 0),
(1345, 836, 46, 0),
(1346, 837, 46, 0),
(1347, 838, 46, 0),
(1348, 839, 24, 0),
(1349, 839, 30, 0),
(1350, 840, 24, 0),
(1351, 840, 30, 0),
(1352, 841, 24, 0),
(1353, 841, 30, 0),
(1354, 842, 35, 0),
(1355, 843, 24, 0),
(1356, 844, 21, 0),
(1357, 844, 40, 0),
(1358, 845, 28, 0),
(1359, 846, 35, 0),
(1360, 847, 24, 0),
(1362, 848, 40, 0),
(1363, 849, 2, 0),
(1366, 852, 40, 0),
(1367, 853, 28, 0),
(1368, 854, 25, 0),
(1369, 855, 24, 0),
(1370, 856, 40, 0),
(1371, 857, 28, 0),
(1374, 860, 28, 0),
(1375, 861, 25, 0),
(1376, 862, 24, 0),
(1377, 863, 28, 0),
(1378, 864, 25, 0),
(1379, 865, 28, 0),
(1380, 866, 25, 0),
(1381, 867, 25, 0),
(1382, 868, 25, 0),
(1383, 869, 28, 0),
(1384, 870, 1, 0),
(1385, 871, 1, 0),
(1386, 872, 1, 0),
(1387, 873, 25, 0),
(1389, 875, 24, 0),
(1390, 876, 40, 0),
(1391, 877, 28, 0),
(1392, 878, 21, 0),
(1393, 878, 28, 0),
(1394, 878, 30, 0),
(1395, 879, 28, 0),
(1396, 880, 28, 0),
(1397, 881, 28, 0),
(1398, 882, 28, 0),
(1399, 883, 29, 0),
(1402, 886, 26, 0),
(1403, 887, 28, 0),
(1405, 889, 26, 0),
(1406, 890, 28, 0),
(1408, 892, 29, 0),
(1410, 894, 28, 0),
(1411, 895, 21, 0),
(1412, 896, 35, 0),
(1413, 897, 29, 0),
(1414, 898, 25, 0),
(1415, 899, 29, 0),
(1416, 900, 40, 0),
(1417, 901, 29, 0),
(1418, 902, 25, 0),
(1419, 903, 26, 0),
(1420, 904, 27, 0),
(1421, 905, 27, 0),
(1422, 906, 27, 0),
(1423, 907, 28, 0),
(1424, 908, 30, 0),
(1425, 909, 1, 0),
(1426, 909, 24, 0),
(1427, 909, 26, 0),
(1428, 909, 28, 0),
(1429, 909, 29, 0),
(1430, 909, 30, 0),
(1431, 910, 25, 0),
(1432, 911, 46, 0),
(1433, 912, 46, 0),
(1434, 913, 21, 0),
(1435, 914, 46, 0),
(1436, 915, 46, 0),
(1437, 916, 21, 0),
(1440, 919, 24, 0),
(1441, 920, 24, 0),
(1442, 920, 30, 0),
(1443, 921, 2, 0),
(1444, 922, 26, 0),
(1445, 923, 26, 0),
(1446, 924, 26, 0),
(1447, 925, 29, 0),
(1448, 926, 35, 0),
(1450, 927, 26, 0),
(1452, 928, 26, 0),
(1453, 929, 2, 0),
(1454, 930, 1, 0),
(1455, 930, 2, 0),
(1456, 931, 1, 0),
(1457, 932, 27, 0),
(1458, 933, 27, 0),
(1459, 934, 27, 0),
(1460, 935, 26, 0),
(1461, 936, 26, 0),
(1462, 937, 35, 0),
(1463, 938, 35, 0),
(1464, 939, 35, 0),
(1465, 940, 35, 0),
(1467, 942, 25, 0),
(1468, 943, 26, 0),
(1469, 944, 26, 0),
(1470, 945, 2, 0),
(1471, 946, 35, 0),
(1472, 947, 35, 0),
(1473, 948, 46, 0),
(1474, 949, 46, 0),
(1477, 952, 26, 0),
(1478, 953, 26, 0),
(1479, 954, 26, 0),
(1480, 955, 26, 0),
(1481, 956, 29, 0),
(1482, 957, 35, 0),
(1484, 958, 26, 0),
(1485, 958, 40, 0),
(1486, 959, 26, 0),
(1487, 960, 2, 0),
(1488, 961, 1, 0),
(1489, 961, 2, 0),
(1490, 962, 1, 0),
(1491, 963, 27, 0),
(1492, 964, 27, 0),
(1493, 965, 27, 0),
(1494, 966, 26, 0),
(1495, 967, 26, 0),
(1496, 968, 29, 0),
(1497, 968, 48, 0),
(1498, 969, 29, 0),
(1499, 970, 2, 0),
(1500, 971, 25, 0),
(1501, 972, 24, 0),
(1502, 973, 21, 0),
(1503, 973, 24, 0),
(1504, 973, 29, 0),
(1505, 974, 21, 0),
(1507, 976, 24, 0),
(1508, 976, 29, 0),
(1509, 977, 24, 0),
(1511, 978, 29, 0),
(1512, 979, 29, 0),
(1513, 980, 25, 0),
(1514, 981, 24, 0),
(1515, 982, 21, 0),
(1517, 984, 24, 0),
(1518, 984, 25, 0),
(1519, 985, 24, 0),
(1520, 985, 29, 0),
(1521, 986, 29, 0),
(1522, 987, 29, 0),
(1523, 988, 29, 0),
(1524, 988, 48, 0),
(1525, 989, 25, 0),
(1526, 989, 26, 0),
(1527, 990, 29, 0),
(1528, 990, 48, 0),
(1529, 991, 46, 0),
(1530, 992, 29, 0),
(1531, 993, 25, 0),
(1532, 993, 26, 0),
(1533, 994, 29, 0),
(1534, 994, 48, 0),
(1535, 995, 46, 0),
(1536, 996, 46, 0),
(1537, 997, 29, 0),
(1539, 998, 29, 0),
(1541, 999, 46, 0),
(1542, 1000, 25, 0),
(1545, 1002, 1, 0),
(1547, 1003, 46, 0),
(1548, 1004, 25, 0),
(1553, 1007, 46, 0),
(1554, 1008, 25, 0),
(1558, 1011, 1, 0),
(1559, 1011, 24, 0),
(1560, 1011, 26, 0),
(1561, 1011, 28, 0),
(1562, 1011, 29, 0),
(1563, 1011, 30, 0),
(1564, 1012, 48, 0),
(1565, 1012, 49, 0),
(1566, 1013, 1, 0),
(1567, 1013, 2, 0),
(1568, 1013, 21, 0),
(1569, 1013, 24, 0),
(1570, 1013, 25, 0),
(1571, 1013, 26, 0),
(1572, 1013, 27, 0),
(1573, 1013, 28, 0),
(1574, 1013, 29, 0),
(1575, 1013, 30, 0),
(1576, 1013, 35, 0),
(1577, 1013, 40, 0),
(1578, 1013, 46, 0),
(1579, 1013, 47, 0),
(1580, 1013, 48, 0),
(1581, 1013, 49, 0),
(1582, 1014, 1, 0),
(1583, 1014, 2, 0),
(1584, 1015, 2, 0),
(1586, 1016, 1, 0),
(1587, 1016, 2, 0),
(1588, 1016, 21, 0),
(1590, 1016, 25, 0),
(1591, 1016, 26, 0),
(1592, 1016, 27, 0),
(1593, 1016, 28, 0),
(1594, 1016, 29, 0),
(1595, 1016, 30, 0),
(1596, 1016, 35, 0),
(1597, 1016, 40, 0),
(1598, 1016, 46, 0),
(1599, 1016, 47, 0),
(1600, 1016, 48, 0),
(1601, 1016, 49, 0),
(1602, 1017, 1, 0),
(1603, 1018, 1, 0),
(1604, 1019, 1, 0),
(1605, 1020, 1, 0),
(1606, 583, 21, 0),
(1607, 576, 2, 0),
(1608, 584, 27, 0),
(1609, 1021, 2, 0),
(1610, 1021, 35, 0),
(1611, 1022, 2, 0),
(1612, 1023, 24, 0),
(1614, 1024, 26, 0),
(1615, 1025, 29, 0),
(1616, 1026, 29, 0),
(1617, 1027, 26, 0),
(1618, 1028, 25, 0),
(1620, 1030, 26, 0),
(1621, 1030, 46, 0),
(1622, 1031, 27, 0),
(1623, 1032, 25, 0),
(1624, 1032, 26, 0),
(1625, 1032, 27, 0),
(1626, 1032, 29, 0),
(1627, 1033, 24, 0),
(1629, 1033, 48, 0),
(1630, 1034, 29, 0),
(1631, 1035, 29, 0),
(1632, 1036, 2, 0),
(1633, 1036, 29, 0),
(1634, 1037, 1, 0),
(1635, 1037, 26, 0),
(1636, 1037, 29, 0),
(1637, 1037, 30, 0),
(1638, 599, 48, 0),
(1639, 600, 48, 0),
(1640, 524, 48, 0),
(1641, 513, 48, 0),
(1642, 1038, 2, 0),
(1643, 1039, 2, 0),
(1647, 812, 48, 0),
(1648, 1040, 25, 0),
(1649, 1040, 35, 0),
(1650, 809, 48, 0),
(1651, 950, 48, 0),
(1652, 1041, 1, 0),
(1653, 1041, 2, 0),
(1654, 1041, 21, 0),
(1655, 1041, 24, 0),
(1656, 1041, 25, 0),
(1657, 1041, 26, 0),
(1658, 1041, 27, 0),
(1659, 1041, 28, 0),
(1660, 1041, 29, 0),
(1661, 1041, 30, 0),
(1662, 1041, 35, 0),
(1663, 1041, 40, 0),
(1664, 1041, 46, 0),
(1665, 1041, 47, 0),
(1666, 1041, 48, 0),
(1667, 1041, 49, 0),
(1668, 883, 48, 0),
(1669, 1029, 48, 0),
(1670, 888, 48, 0),
(1671, 925, 48, 0),
(1673, 504, 48, 0),
(1674, 1042, 30, 0),
(1675, 1043, 29, 0),
(1676, 1044, 24, 0),
(1677, 1044, 25, 0),
(1678, 1045, 30, 0),
(1679, 1046, 26, 0),
(1680, 1046, 28, 0),
(1681, 1047, 30, 0),
(1682, 1048, 30, 0),
(1683, 1049, 30, 0),
(1684, 1001, 24, 0),
(1685, 1005, 24, 0),
(1686, 1009, 24, 0),
(1687, 1010, 29, 0),
(1688, 1050, 2, 0),
(1690, 1051, 2, 0),
(1691, 1052, 1, 0),
(1692, 771, 48, 0),
(1693, 1053, 30, 0),
(1694, 1054, 24, 0),
(1695, 870, 2, 0),
(1696, 1055, 30, 0),
(1697, 651, 30, 0),
(1698, 1034, 48, 0),
(1699, 884, 46, 0),
(1700, 885, 46, 0),
(1701, 1056, 1, 0),
(1702, 1056, 24, 0),
(1703, 1056, 26, 0),
(1704, 1056, 28, 0),
(1705, 1056, 29, 0),
(1706, 1056, 30, 0),
(1707, 886, 35, 0),
(1708, 889, 35, 0),
(1709, 1057, 27, 0),
(1711, 1001, 48, 0),
(1712, 1005, 48, 0),
(1713, 1009, 48, 0),
(1714, 1006, 29, 0),
(1715, 1058, 2, 0),
(1716, 1059, 2, 0),
(1717, 1060, 2, 0),
(1718, 1061, 2, 0),
(1719, 1062, 2, 0),
(1720, 1063, 2, 0),
(1721, 1064, 2, 0),
(1722, 1065, 2, 0),
(1723, 1066, 2, 0),
(1724, 1067, 27, 0),
(1725, 1068, 2, 0),
(1726, 1069, 2, 0),
(1727, 1070, 2, 0),
(1728, 1071, 2, 0),
(1730, 1072, 40, 0),
(1731, 1073, 29, 0),
(1732, 1074, 40, 0),
(1733, 1027, 46, 0),
(1734, 1075, 21, 0),
(1735, 1076, 2, 0),
(1736, 1077, 2, 0),
(1737, 1078, 40, 0),
(1738, 1079, 2, 0),
(1739, 1080, 40, 0),
(1740, 1081, 25, 0),
(1741, 1082, 35, 0),
(1742, 1083, 35, 0),
(1743, 1083, 47, 0),
(1744, 1084, 28, 0),
(1746, 1085, 27, 0),
(1747, 1086, 2, 0),
(1748, 1087, 28, 0),
(1749, 1088, 26, 0),
(1750, 1089, 40, 0),
(1751, 1090, 26, 0),
(1752, 1091, 21, 0),
(1753, 1091, 30, 0),
(1754, 1092, 21, 0),
(1755, 1092, 30, 0),
(1758, 1095, 29, 0),
(1759, 1096, 28, 0),
(1761, 1097, 27, 0),
(1762, 1098, 27, 0),
(1763, 1099, 27, 0),
(1764, 1100, 27, 0),
(1765, 1101, 27, 0),
(1766, 1102, 27, 0),
(1767, 1103, 27, 0),
(1768, 1104, 27, 0),
(1769, 1105, 27, 0),
(1770, 1106, 27, 0),
(1771, 1107, 27, 0),
(1772, 1108, 27, 0),
(1773, 1109, 27, 0),
(1774, 480, 35, 0),
(1775, 602, 35, 0),
(1776, 1023, 35, 0),
(1777, 535, 26, 0),
(1778, 1110, 27, 0),
(1779, 1111, 27, 0),
(1780, 1112, 26, 0),
(1781, 1113, 26, 0),
(1782, 1114, 2, 0),
(1783, 1115, 2, 0),
(1784, 1116, 40, 0),
(1785, 1117, 40, 0),
(1786, 1118, 40, 0),
(1787, 1119, 40, 0),
(1788, 1120, 28, 0),
(1789, 1000, 26, 0),
(1790, 551, 2, 0),
(1791, 1121, 2, 0),
(1792, 1122, 2, 0),
(1793, 1123, 2, 0),
(1794, 1124, 2, 0),
(1796, 1125, 40, 0),
(1797, 1126, 2, 0),
(1801, 1127, 40, 0),
(1802, 1128, 2, 0),
(1804, 941, 25, 0),
(1805, 1129, 40, 0),
(1806, 1130, 2, 0),
(1811, 1132, 28, 0),
(1812, 1133, 40, 0),
(1813, 1134, 28, 0),
(1814, 1134, 30, 0),
(1815, 1135, 28, 0),
(1816, 1136, 27, 0),
(1817, 1137, 2, 0),
(1818, 1138, 1, 0),
(1819, 1139, 28, 0),
(1820, 1140, 40, 0),
(1821, 1140, 46, 0),
(1822, 1141, 21, 0),
(1824, 1142, 46, 0),
(1825, 1143, 2, 0),
(1827, 1144, 25, 0),
(1828, 1144, 26, 0),
(1829, 1145, 25, 0),
(1830, 1029, 29, 0),
(1831, 1146, 26, 0),
(1832, 1146, 29, 0),
(1833, 1146, 30, 0),
(1834, 1146, 41, 0),
(1835, 1146, 42, 0),
(1836, 1147, 26, 0),
(1837, 1147, 29, 0),
(1838, 1147, 30, 0),
(1841, 1148, 28, 0),
(1842, 777, 27, 0),
(1843, 1149, 1, 0),
(1844, 1149, 26, 0),
(1845, 1149, 27, 0),
(1846, 1149, 29, 0),
(1847, 1149, 30, 0),
(1848, 1150, 2, 0),
(1849, 1151, 2, 0),
(1850, 1147, 1, 0),
(1851, 1152, 2, 0),
(1852, 1153, 2, 0),
(1853, 1154, 46, 0),
(1854, 1155, 2, 0),
(1855, 1156, 2, 0),
(1856, 1157, 26, 0),
(1857, 1157, 35, 0),
(1858, 1157, 40, 0),
(1859, 1157, 46, 0),
(1860, 1158, 26, 0),
(1861, 1158, 35, 0),
(1862, 1158, 40, 0),
(1863, 1158, 46, 0),
(1864, 1159, 40, 0),
(1865, 1002, 29, 0),
(1866, 556, 40, 0),
(1867, 973, 48, 0),
(1868, 772, 35, 0),
(1869, 1028, 35, 0),
(1870, 1160, 40, 0),
(1871, 1015, 40, 0),
(1872, 1161, 25, 0),
(1873, 549, 35, 0),
(1874, 1162, 26, 0),
(1875, 525, 35, 0),
(1876, 1024, 35, 0),
(1877, 632, 46, 0),
(1878, 927, 46, 0),
(1879, 975, 46, 0),
(1891, 1170, 1, 0),
(1892, 1170, 2, 0),
(1893, 1170, 40, 0),
(1894, 1171, 1, 0),
(1895, 1171, 2, 0),
(1896, 1171, 21, 0),
(1897, 1171, 24, 0),
(1898, 1171, 25, 0),
(1899, 1171, 26, 0),
(1900, 1171, 27, 0),
(1901, 1171, 28, 0),
(1902, 1171, 29, 0),
(1903, 1171, 30, 0),
(1904, 1171, 35, 0),
(1905, 1171, 40, 0),
(1906, 1171, 41, 0),
(1907, 1171, 42, 0),
(1908, 1171, 46, 0),
(1909, 1171, 47, 0),
(1910, 1171, 48, 0),
(1911, 1172, 1, 0),
(1912, 1172, 2, 0),
(1913, 1172, 40, 0),
(1914, 1173, 40, 0),
(1915, 1174, 40, 0),
(1916, 1175, 25, 0),
(1917, 1175, 35, 0),
(1918, 1176, 2, 0),
(1922, 1177, 27, 0),
(1924, 1142, 40, 0),
(1925, 1161, 48, 0),
(1926, 1178, 25, 0),
(1927, 1179, 48, 0),
(1928, 1180, 40, 0),
(1929, 1181, 2, 0),
(1930, 1182, 28, 0),
(1931, 1182, 29, 0),
(1932, 1183, 29, 0),
(1933, 1184, 40, 0),
(1934, 1185, 27, 0),
(1937, 1187, 26, 0),
(1938, 1188, 40, 0),
(1940, 1190, 27, 0),
(1941, 1191, 27, 0),
(1942, 1192, 27, 0),
(1943, 1193, 27, 0),
(1944, 1194, 28, 0),
(1945, 1195, 28, 0),
(1946, 1196, 27, 0),
(1947, 1197, 27, 0),
(1948, 1084, 24, 0),
(1949, 1198, 27, 0),
(1950, 1199, 27, 0),
(1951, 1200, 24, 0),
(1952, 1201, 24, 0),
(1954, 1202, 40, 0),
(1955, 1203, 40, 0),
(1957, 1204, 21, 0),
(1958, 1205, 21, 0),
(1959, 1205, 24, 0),
(1960, 1206, 24, 0),
(1961, 1206, 30, 0),
(1962, 1207, 25, 0),
(1963, 1208, 25, 0),
(1966, 691, 35, 0),
(1967, 1210, 25, 0),
(1968, 1211, 35, 0),
(1969, 1212, 1, 0),
(1970, 1212, 2, 0),
(1971, 1213, 2, 0),
(1972, 1214, 35, 0),
(1973, 1215, 35, 0),
(1974, 1216, 35, 0),
(1975, 1217, 35, 0),
(1976, 1218, 1, 0),
(1977, 1219, 35, 0),
(1978, 1220, 24, 0),
(1979, 1221, 35, 0),
(1980, 1222, 24, 0),
(1981, 1223, 21, 0),
(1982, 1223, 40, 0),
(1983, 1224, 28, 0),
(1984, 1225, 24, 0),
(1985, 1226, 40, 0),
(1986, 1227, 28, 0),
(1987, 1228, 26, 0),
(1988, 1229, 24, 0),
(1989, 1230, 40, 0),
(1990, 1231, 28, 0),
(1991, 1232, 25, 0),
(1992, 1233, 24, 0),
(1993, 1234, 28, 0),
(1994, 1235, 25, 0),
(1995, 1236, 28, 0),
(1996, 1237, 21, 0),
(1998, 1238, 35, 0),
(1999, 1239, 40, 0),
(2000, 1240, 27, 0),
(2001, 1241, 29, 0),
(2002, 1242, 26, 0),
(2004, 1244, 27, 0),
(2005, 1245, 27, 0),
(2006, 1246, 27, 0),
(2007, 1247, 28, 0),
(2008, 1248, 28, 0),
(2010, 1250, 28, 0),
(2012, 1252, 28, 0),
(2013, 1253, 24, 0),
(2014, 1254, 25, 0),
(2015, 1255, 26, 0),
(2016, 1256, 27, 0),
(2017, 1257, 28, 0),
(2018, 1258, 29, 0),
(2019, 1259, 30, 0),
(2020, 1260, 35, 0),
(2021, 1261, 40, 0),
(2022, 1262, 26, 0),
(2023, 1262, 46, 0),
(2024, 1263, 24, 0),
(2025, 1264, 29, 0),
(2026, 1265, 28, 0),
(2027, 1266, 30, 0),
(2028, 1267, 35, 0),
(2029, 1268, 26, 0),
(2030, 1269, 25, 0),
(2031, 1270, 46, 0),
(2032, 1271, 1, 0),
(2033, 1272, 2, 0),
(2034, 1273, 41, 0),
(2035, 1274, 42, 0),
(2036, 1275, 46, 0),
(2038, 1277, 35, 0),
(2039, 1278, 28, 0),
(2040, 1279, 24, 0),
(2041, 1279, 35, 0),
(2042, 1280, 24, 0),
(2043, 1280, 35, 0),
(2044, 1281, 24, 0),
(2045, 1281, 35, 0),
(2046, 1282, 27, 0),
(2047, 1283, 24, 0),
(2048, 1283, 35, 0),
(2049, 1284, 46, 0),
(2050, 1285, 21, 0),
(2051, 1286, 48, 0),
(2052, 1287, 24, 0),
(2053, 1288, 24, 0),
(2054, 1288, 35, 0),
(2055, 1288, 46, 0),
(2056, 1289, 24, 0),
(2057, 1289, 35, 0),
(2058, 1290, 46, 0),
(2059, 1291, 25, 0),
(2060, 1292, 48, 0),
(2061, 1293, 48, 0),
(2062, 1294, 25, 0),
(2063, 1295, 48, 0),
(2064, 1296, 48, 0),
(2065, 827, 48, 0),
(2066, 1297, 24, 0),
(2067, 1298, 24, 0),
(2068, 1299, 24, 0),
(2069, 1300, 24, 0),
(2070, 1301, 40, 0),
(2072, 1302, 46, 0),
(2073, 1303, 40, 0),
(2074, 1303, 46, 0),
(2076, 1304, 21, 0),
(2077, 1305, 21, 0),
(2079, 1306, 46, 0),
(2080, 1307, 25, 0),
(2081, 1307, 26, 0),
(2082, 1308, 25, 0),
(2083, 1308, 26, 0),
(2084, 1309, 46, 0),
(2085, 1310, 25, 0),
(2086, 1310, 26, 0),
(2088, 1311, 29, 0),
(2089, 1312, 1, 0),
(2090, 1313, 1, 0),
(2092, 1314, 25, 0),
(2093, 1314, 26, 0),
(2094, 1314, 29, 0),
(2095, 1315, 46, 0),
(2098, 1317, 24, 0),
(2099, 1317, 29, 0),
(2100, 1318, 1, 0),
(2101, 1319, 46, 0),
(2102, 1320, 25, 0),
(2105, 1321, 29, 0),
(2106, 1322, 1, 0),
(2108, 1323, 25, 0),
(2109, 1323, 26, 0),
(2110, 1323, 29, 0),
(2112, 1324, 25, 0),
(2113, 1324, 26, 0),
(2114, 1324, 29, 0),
(2116, 1325, 25, 0),
(2117, 1325, 26, 0),
(2118, 1325, 29, 0),
(2119, 1326, 40, 0),
(2120, 1327, 26, 0),
(2121, 1327, 35, 0),
(2122, 1328, 26, 0),
(2123, 1328, 46, 0),
(2124, 1329, 30, 0),
(2126, 1330, 25, 0),
(2128, 1331, 48, 0),
(2130, 1332, 46, 0),
(2131, 1333, 27, 0),
(2132, 1334, 25, 0),
(2133, 1334, 26, 0),
(2134, 1334, 27, 0),
(2135, 1334, 29, 0),
(2136, 1335, 2, 0),
(2137, 1336, 1, 0),
(2138, 1337, 1, 0),
(2139, 1338, 1, 0),
(2140, 1339, 1, 0),
(2141, 1340, 1, 0),
(2142, 1341, 2, 0),
(2143, 1342, 2, 0),
(2145, 1343, 2, 0),
(2146, 1344, 1, 0),
(2147, 1344, 2, 0),
(2148, 1345, 1, 0),
(2149, 1345, 29, 0),
(2150, 871, 2, 0),
(2152, 1346, 2, 0),
(2153, 1347, 2, 0),
(2154, 1347, 29, 0),
(2155, 1348, 1, 0),
(2156, 1348, 24, 0),
(2157, 1348, 26, 0),
(2158, 1348, 28, 0),
(2159, 1348, 29, 0),
(2160, 1348, 30, 0),
(2161, 1348, 41, 0),
(2162, 1348, 42, 0),
(2163, 1349, 1, 0),
(2164, 1349, 24, 0),
(2165, 1349, 26, 0),
(2166, 1349, 28, 0),
(2167, 1349, 29, 0),
(2168, 1349, 30, 0),
(2171, 1350, 1, 0),
(2172, 1350, 2, 0),
(2173, 1350, 21, 0),
(2174, 1350, 24, 0),
(2175, 1350, 25, 0),
(2177, 1350, 27, 0),
(2178, 1350, 28, 0),
(2179, 1350, 29, 0),
(2180, 1350, 30, 0),
(2181, 1350, 35, 0),
(2182, 1350, 40, 0),
(2185, 1350, 46, 0),
(2186, 1350, 47, 0),
(2187, 1350, 48, 0),
(2188, 1351, 1, 0),
(2189, 1351, 2, 0),
(2190, 1352, 1, 0),
(2191, 1352, 2, 0),
(2192, 1352, 21, 0),
(2193, 1352, 24, 0),
(2194, 1352, 25, 0),
(2195, 1352, 26, 0),
(2196, 1352, 27, 0),
(2197, 1352, 28, 0),
(2198, 1352, 29, 0),
(2199, 1352, 30, 0),
(2200, 1352, 35, 0),
(2201, 1352, 40, 0),
(2204, 1352, 46, 0),
(2205, 1352, 47, 0),
(2206, 1352, 48, 0),
(2207, 1353, 1, 0),
(2208, 1353, 24, 0),
(2209, 1353, 26, 0),
(2210, 1353, 28, 0),
(2211, 1353, 29, 0),
(2212, 1353, 30, 0),
(2215, 1354, 29, 0),
(2216, 986, 24, 0),
(2217, 1355, 29, 0),
(2218, 1356, 29, 0),
(2219, 1357, 28, 0),
(2221, 893, 35, 0),
(2222, 1358, 28, 0),
(2223, 956, 48, 0),
(2224, 782, 48, 0),
(2225, 892, 48, 0),
(2227, 816, 48, 0),
(2228, 951, 48, 0),
(2229, 1359, 24, 0),
(2230, 1359, 29, 0),
(2231, 1359, 48, 0),
(2232, 1330, 35, 0),
(2233, 1321, 48, 0),
(2234, 1317, 48, 0),
(2235, 1311, 48, 0),
(2236, 859, 48, 0),
(2237, 874, 48, 0),
(2238, 1360, 2, 0),
(2239, 796, 46, 0),
(2241, 1361, 21, 0),
(2242, 1362, 24, 0),
(2243, 1363, 25, 0),
(2244, 1364, 26, 0),
(2245, 1365, 27, 0),
(2246, 1366, 28, 0),
(2247, 851, 48, 0),
(2248, 1367, 29, 0),
(2249, 1368, 30, 0),
(2250, 1342, 1, 0),
(2251, 1369, 35, 0),
(2252, 1370, 40, 0),
(2253, 1371, 41, 0),
(2254, 1372, 42, 0),
(2255, 1373, 46, 0),
(2256, 1374, 48, 0),
(2257, 1375, 1, 0),
(2258, 1186, 48, 0),
(2259, 1376, 47, 0),
(2260, 1094, 48, 0),
(2261, 1093, 48, 0),
(2262, 1377, 30, 0),
(2264, 1306, 35, 0),
(2265, 1378, 30, 0),
(2266, 1379, 28, 0),
(2267, 1380, 26, 0),
(2268, 1380, 35, 0),
(2269, 1380, 40, 0),
(2270, 1380, 46, 0),
(2271, 852, 35, 0),
(2272, 1381, 25, 0),
(2273, 1381, 26, 0),
(2274, 1381, 35, 0),
(2275, 1381, 47, 0),
(2276, 1382, 1, 0),
(2277, 1382, 24, 0),
(2278, 1382, 26, 0),
(2279, 1382, 28, 0),
(2280, 1382, 29, 0),
(2281, 1382, 30, 0),
(2284, 1383, 48, 0),
(2286, 1384, 29, 0),
(2288, 1385, 21, 0),
(2289, 1385, 30, 0),
(2291, 1386, 30, 0),
(2293, 1386, 46, 0),
(2294, 959, 48, 0),
(2295, 1387, 1, 0),
(2296, 1387, 2, 0),
(2297, 1387, 30, 0),
(2298, 800, 35, 0),
(2299, 1388, 25, 0),
(2301, 980, 35, 0),
(2302, 1389, 21, 0),
(2303, 917, 35, 0),
(2304, 918, 35, 0),
(2305, 850, 26, 0),
(2306, 850, 47, 0),
(2307, 873, 35, 0),
(2308, 1390, 28, 0),
(2309, 1327, 25, 0),
(2311, 891, 46, 0),
(2312, 858, 25, 0),
(2313, 858, 47, 0),
(2314, 942, 47, 0),
(2315, 943, 25, 0),
(2316, 786, 47, 0),
(2317, 815, 47, 0),
(2318, 993, 47, 0),
(2319, 1391, 25, 0),
(2320, 1391, 47, 0),
(2321, 1392, 26, 0),
(2322, 1393, 26, 0),
(2323, 1394, 28, 0),
(2324, 1395, 29, 0),
(2325, 1396, 1, 0),
(2326, 1397, 30, 0),
(2327, 1398, 1, 0),
(2328, 1398, 2, 0),
(2329, 1398, 21, 0),
(2330, 1398, 24, 0),
(2331, 1398, 25, 0),
(2332, 1398, 26, 0),
(2333, 1398, 27, 0),
(2334, 1398, 28, 0),
(2335, 1398, 29, 0),
(2336, 1398, 30, 0),
(2337, 1398, 35, 0),
(2338, 1398, 40, 0),
(2339, 1398, 46, 0),
(2340, 1398, 47, 0),
(2341, 1398, 48, 0),
(2342, 1399, 1, 0),
(2343, 1399, 24, 0),
(2344, 1399, 26, 0),
(2345, 1399, 28, 0),
(2346, 1399, 29, 0),
(2347, 1399, 30, 0),
(2348, 1400, 1, 0),
(2349, 1400, 24, 0),
(2350, 1400, 26, 0),
(2351, 1400, 28, 0),
(2352, 1400, 29, 0),
(2353, 1400, 30, 0),
(2354, 1401, 1, 0),
(2355, 1401, 2, 0),
(2356, 1401, 21, 0),
(2357, 1401, 24, 0),
(2358, 1401, 25, 0),
(2359, 1401, 26, 0),
(2360, 1401, 27, 0),
(2361, 1401, 28, 0),
(2362, 1401, 29, 0),
(2363, 1401, 30, 0),
(2364, 1401, 35, 0),
(2365, 1401, 40, 0),
(2366, 1401, 46, 0),
(2367, 1401, 47, 0),
(2368, 1401, 48, 0),
(2369, 1402, 1, 0),
(2370, 1402, 24, 0),
(2371, 1402, 26, 0),
(2372, 1402, 28, 0),
(2373, 1402, 29, 0),
(2374, 1402, 30, 0),
(2375, 1403, 1, 0),
(2376, 1403, 24, 0),
(2377, 1403, 26, 0),
(2378, 1403, 28, 0),
(2379, 1403, 29, 0),
(2380, 1403, 30, 0),
(2381, 1404, 26, 0),
(2382, 1404, 35, 0),
(2383, 1404, 40, 0),
(2384, 1404, 46, 0),
(2385, 1405, 25, 0),
(2386, 1405, 26, 0),
(2387, 1405, 35, 0),
(2388, 1405, 47, 0),
(2389, 1406, 24, 0),
(2390, 1406, 29, 0),
(2391, 1406, 48, 0),
(2392, 1407, 27, 0),
(2393, 1408, 21, 0),
(2394, 1408, 48, 0),
(2395, 1409, 26, 0),
(2396, 1409, 35, 0),
(2397, 1409, 40, 0),
(2398, 1409, 46, 0),
(2399, 1410, 35, 0),
(2400, 1411, 48, 0),
(2401, 1412, 29, 0),
(2402, 1131, 48, 0),
(2403, 844, 2, 0),
(2404, 1413, 24, 0),
(2405, 1413, 25, 0),
(2406, 1413, 26, 0),
(2407, 1413, 28, 0),
(2408, 1413, 29, 0),
(2409, 1414, 27, 0),
(2410, 1415, 2, 0),
(2411, 1416, 2, 0),
(2412, 983, 21, 0),
(2413, 1417, 29, 0),
(2414, 1418, 26, 0),
(2415, 819, 24, 0),
(2416, 1419, 2, 0),
(2418, 1420, 28, 0),
(2420, 820, 48, 0),
(2421, 817, 48, 0),
(2422, 1421, 47, 0),
(2423, 1189, 28, 0),
(2424, 1422, 2, 0),
(2425, 1423, 2, 0),
(2426, 1423, 46, 0),
(2429, 1425, 35, 0),
(2430, 1425, 46, 0),
(2431, 1426, 46, 0),
(2432, 1427, 26, 0),
(2435, 967, 27, 0),
(2436, 1428, 46, 0),
(2437, 1429, 2, 0),
(2438, 1430, 25, 0),
(2440, 1431, 35, 0),
(2442, 981, 48, 0),
(2443, 1432, 40, 0),
(2444, 958, 46, 0),
(2445, 1433, 35, 0),
(2446, 1434, 35, 0),
(2447, 1435, 35, 0),
(2448, 1436, 46, 0),
(2449, 1437, 30, 0),
(2450, 993, 35, 0),
(2451, 1438, 48, 0),
(2452, 1439, 46, 0),
(2453, 1440, 46, 0),
(2455, 1441, 35, 0),
(2456, 1442, 35, 0),
(2457, 1443, 40, 0),
(2458, 1444, 28, 0),
(2459, 1445, 30, 0),
(2460, 1446, 40, 0),
(2462, 1447, 40, 0),
(2463, 1448, 24, 0),
(2464, 1449, 25, 0),
(2465, 1450, 27, 0),
(2466, 1451, 30, 0),
(2467, 802, 30, 0),
(2468, 1452, 1, 0),
(2469, 1452, 2, 0),
(2470, 1453, 28, 0),
(2471, 1454, 27, 0),
(2472, 1455, 27, 0),
(2473, 1456, 24, 0),
(2474, 1457, 24, 0),
(2475, 1458, 40, 0),
(2476, 1459, 35, 0),
(2477, 1460, 2, 0),
(2478, 1461, 46, 0),
(2479, 1462, 25, 0),
(2480, 1463, 25, 0),
(2481, 1464, 48, 0),
(2482, 1465, 48, 0),
(2483, 1466, 48, 0),
(2484, 1467, 48, 0),
(2485, 1468, 25, 0),
(2486, 1469, 25, 0),
(2487, 1470, 30, 0),
(2488, 1471, 30, 0),
(2489, 1472, 27, 0),
(2490, 1473, 24, 0),
(2491, 1474, 28, 0),
(2492, 1475, 29, 0),
(2493, 1476, 26, 0),
(2494, 1477, 21, 0),
(2495, 1478, 2, 0),
(2496, 1479, 24, 0),
(2497, 1480, 25, 0),
(2498, 1481, 26, 0),
(2499, 1482, 27, 0),
(2500, 1483, 28, 0),
(2501, 1484, 29, 0),
(2502, 1485, 46, 0),
(2503, 1486, 35, 0),
(2504, 1487, 1, 0),
(2505, 1488, 40, 0),
(2506, 1489, 48, 0),
(2507, 1209, 30, 0),
(2508, 1490, 35, 0),
(2509, 1491, 28, 0),
(2510, 1251, 26, 0),
(2511, 893, 48, 0),
(2512, 1492, 24, 0),
(2513, 1493, 25, 0),
(2514, 1493, 35, 0),
(2515, 1494, 29, 0),
(2516, 1494, 48, 0),
(2517, 1495, 26, 0),
(2518, 1495, 46, 0),
(2519, 1496, 25, 0),
(2520, 1497, 27, 0),
(2521, 1498, 25, 0),
(2522, 1499, 26, 0),
(2523, 1499, 29, 0),
(2524, 1500, 25, 0),
(2525, 1501, 25, 0),
(2526, 1502, 24, 0),
(2527, 1503, 24, 0),
(2528, 1504, 25, 0),
(2529, 1504, 26, 0),
(2530, 1504, 35, 0),
(2531, 1505, 40, 0),
(2532, 1506, 24, 0),
(2533, 1507, 30, 0),
(2534, 1508, 24, 0),
(2535, 1509, 46, 0),
(2536, 1510, 46, 0),
(2537, 1511, 29, 0),
(2538, 1512, 24, 0),
(2539, 1512, 30, 0),
(2540, 1513, 24, 0),
(2541, 1513, 30, 0),
(2542, 1514, 24, 0),
(2543, 1515, 24, 0),
(2544, 1516, 46, 0),
(2545, 1517, 25, 0),
(2546, 1518, 48, 0),
(2547, 1519, 48, 0),
(2548, 1520, 25, 0),
(2549, 1521, 24, 0),
(2550, 1522, 48, 0),
(2551, 1523, 27, 0),
(2552, 1524, 24, 0),
(2553, 1524, 35, 0),
(2554, 1525, 46, 0),
(2555, 1526, 46, 0),
(2556, 1527, 48, 0),
(2557, 1528, 24, 0),
(2558, 1529, 46, 0),
(2559, 1530, 46, 0),
(2560, 1531, 46, 0),
(2561, 1532, 46, 0),
(2562, 1533, 35, 0),
(2563, 1534, 35, 0),
(2564, 1535, 35, 0),
(2565, 1536, 35, 0),
(2566, 1537, 24, 0),
(2567, 1538, 24, 0),
(2568, 1539, 24, 0),
(2569, 1539, 30, 0),
(2570, 1540, 24, 0),
(2571, 1540, 30, 0),
(2572, 1541, 24, 0),
(2573, 1541, 30, 0),
(2574, 1542, 24, 0),
(2575, 1542, 30, 0),
(2576, 1543, 29, 0),
(2577, 1544, 29, 0),
(2578, 1545, 35, 0),
(2579, 1546, 24, 0),
(2580, 1547, 40, 0),
(2581, 1548, 28, 0),
(2582, 1549, 1, 0),
(2583, 1550, 35, 0),
(2584, 1327, 47, 0),
(2585, 1551, 25, 0),
(2586, 1552, 26, 0),
(2587, 1552, 46, 0),
(2588, 1553, 25, 0),
(2589, 1553, 48, 0),
(2590, 1554, 25, 0),
(2591, 1555, 29, 0),
(2592, 1555, 48, 0),
(2593, 1556, 1, 0),
(2594, 1556, 26, 0),
(2595, 1556, 29, 0),
(2596, 1557, 25, 0),
(2597, 1557, 26, 0),
(2598, 1557, 29, 0),
(2599, 1557, 48, 0),
(2600, 1558, 25, 0),
(2601, 1558, 26, 0),
(2602, 1558, 29, 0),
(2603, 1558, 48, 0),
(2604, 1559, 26, 0),
(2605, 1559, 46, 0),
(2606, 1560, 25, 0),
(2607, 1560, 48, 0),
(2608, 1561, 25, 0),
(2609, 1562, 29, 0),
(2611, 1563, 1, 0),
(2612, 1563, 26, 0),
(2613, 1563, 29, 0),
(2614, 1564, 26, 0),
(2615, 1564, 46, 0),
(2616, 1565, 25, 0),
(2617, 1565, 48, 0),
(2618, 1566, 25, 0),
(2619, 1567, 29, 0),
(2621, 1568, 1, 0),
(2622, 1568, 26, 0),
(2623, 1568, 29, 0),
(2624, 1569, 25, 0),
(2625, 1569, 26, 0),
(2626, 1569, 29, 0),
(2627, 1569, 48, 0),
(2628, 1570, 25, 0),
(2629, 1570, 29, 0),
(2630, 1570, 48, 0),
(2631, 1571, 25, 0),
(2632, 1571, 29, 0),
(2633, 1571, 48, 0),
(2634, 1572, 1, 0),
(2635, 1573, 1, 0),
(2636, 1574, 1, 0),
(2637, 1575, 1, 0),
(2638, 1576, 2, 0),
(2639, 1577, 1, 20),
(2640, 1577, 2, 80),
(2641, 1578, 1, 0),
(2642, 1579, 1, 0),
(2643, 1580, 1, 0),
(2644, 1581, 2, 0),
(2645, 1582, 1, 0),
(2646, 1583, 25, 0),
(2647, 1584, 24, 0),
(2648, 1585, 24, 0),
(2649, 1585, 29, 0),
(2650, 1586, 21, 0),
(2651, 1587, 21, 0),
(2652, 1588, 24, 0),
(2653, 1588, 29, 0),
(2654, 1589, 24, 0),
(2655, 1589, 48, 0),
(2656, 1590, 29, 0),
(2657, 1591, 29, 0),
(2658, 1592, 40, 0),
(2659, 1593, 25, 0),
(2660, 1593, 26, 0),
(2661, 1594, 29, 0),
(2662, 1594, 48, 0),
(2663, 1595, 46, 0),
(2664, 1596, 29, 0),
(2665, 1597, 27, 0),
(2666, 1598, 24, 0),
(2667, 1598, 29, 0),
(2668, 1599, 24, 0),
(2669, 1600, 24, 0),
(2670, 1601, 24, 0),
(2671, 1602, 40, 0),
(2672, 1603, 25, 0),
(2673, 1604, 21, 0),
(2674, 1605, 26, 0),
(2675, 1606, 28, 0),
(2676, 1607, 29, 0),
(2677, 1608, 21, 0),
(2678, 1609, 35, 0),
(2679, 1609, 46, 0),
(2680, 1610, 21, 0),
(2681, 1611, 48, 0),
(2682, 1612, 2, 0),
(2683, 1613, 21, 0),
(2684, 1614, 21, 0),
(2685, 1615, 46, 0),
(2686, 1616, 35, 0),
(2687, 1617, 48, 0),
(2688, 1618, 21, 0),
(2689, 1619, 26, 0),
(2690, 1620, 26, 0),
(2691, 1621, 21, 0),
(2692, 1622, 2, 0),
(2693, 1623, 29, 0),
(2694, 1624, 35, 0),
(2696, 1625, 27, 0),
(2697, 1626, 40, 0),
(2698, 1627, 26, 0),
(2699, 1627, 29, 0),
(2700, 1628, 21, 0),
(2701, 1629, 1, 0),
(2703, 1630, 1, 0),
(2704, 1630, 2, 0),
(2705, 1631, 1, 0),
(2706, 1632, 21, 0),
(2707, 1633, 27, 0),
(2708, 1634, 26, 0),
(2709, 1635, 27, 0),
(2710, 1636, 26, 0),
(2711, 1636, 27, 0),
(2712, 1636, 29, 0),
(2713, 1637, 29, 0),
(2714, 1638, 27, 0),
(2715, 1639, 1, 0),
(2716, 1639, 40, 0),
(2717, 1640, 21, 0),
(2718, 1641, 40, 0),
(2719, 1641, 46, 0),
(2720, 1642, 25, 0),
(2721, 1642, 26, 0),
(2722, 1249, 46, 0),
(2723, 1643, 28, 0),
(2724, 1237, 28, 0),
(2725, 1644, 47, 0),
(2726, 1645, 46, 0),
(2728, 1646, 28, 0),
(2729, 1647, 35, 0),
(2730, 1424, 35, 0),
(2732, 1648, 2, 0),
(2733, 1626, 46, 0),
(2734, 1649, 26, 0),
(2735, 1650, 29, 0),
(2736, 826, 46, 0),
(2737, 1651, 25, 0),
(2738, 1652, 26, 0),
(2739, 1652, 28, 0),
(2740, 1652, 29, 0),
(2741, 1424, 46, 0),
(2742, 1653, 40, 0),
(2743, 1654, 40, 0),
(2744, 1655, 1, 0),
(2745, 1655, 26, 0),
(2746, 998, 25, 0),
(2747, 1656, 35, 0),
(2748, 1657, 40, 0),
(2749, 1446, 2, 0),
(2750, 1658, 27, 0),
(2751, 1659, 25, 0),
(2752, 1660, 27, 0),
(2754, 1431, 21, 0),
(2755, 1243, 27, 0),
(2756, 1661, 40, 0),
(2757, 1662, 40, 0),
(2758, 796, 21, 0),
(2759, 1663, 35, 0),
(2760, 1664, 26, 0),
(2761, 1665, 28, 0),
(2762, 1666, 28, 0),
(2763, 1667, 46, 0),
(2764, 1668, 27, 0),
(2765, 1669, 27, 0),
(2766, 1670, 27, 0),
(2767, 1671, 25, 0),
(2768, 1672, 35, 0),
(2769, 1673, 2, 0),
(2771, 1674, 27, 0),
(2772, 1675, 27, 0),
(2773, 1676, 46, 0),
(2774, 1677, 2, 0),
(2775, 1678, 2, 0),
(2776, 862, 48, 0),
(2777, 1679, 35, 0),
(2778, 1237, 40, 0),
(2779, 1680, 40, 0),
(2780, 1681, 40, 0),
(2784, 1628, 47, 0),
(2785, 855, 48, 0),
(2786, 1276, 48, 0),
(2787, 1682, 29, 0),
(2788, 1683, 27, 0),
(2789, 1684, 48, 0),
(2790, 1685, 27, 0),
(2791, 1686, 40, 0),
(2792, 1687, 27, 0),
(2793, 1688, 2, 0),
(2794, 1689, 35, 0),
(2796, 1690, 28, 0),
(2797, 1691, 28, 0),
(2798, 1692, 46, 0),
(2799, 1693, 1, 0),
(2800, 1693, 27, 0),
(2801, 1694, 35, 0),
(2802, 1695, 35, 0),
(2803, 1466, 29, 0),
(2804, 1276, 29, 0),
(2805, 1696, 35, 0),
(2806, 1697, 24, 0);

-- --------------------------------------------------------

--
-- Struktur-dump for tabellen `task_types`
--

CREATE TABLE `task_types` (
  `task_type_id` int(11) NOT NULL,
  `task_type_name` varchar(255) NOT NULL
) ENGINE=InnoDB DEFAULT CHARSET=latin1;

--
-- Data dump for tabellen `task_types`
--

INSERT INTO `task_types` (`task_type_id`, `task_type_name`) VALUES
(1, 'Intern opgave'),
(2, 'Kundeopgave');

-- --------------------------------------------------------

--
-- Struktur-dump for tabellen `task_verticals`
--

CREATE TABLE `task_verticals` (
  `task_vertical_id` int(11) NOT NULL,
  `task_vertical_name` varchar(255) NOT NULL
) ENGINE=InnoDB DEFAULT CHARSET=latin1;

--
-- Data dump for tabellen `task_verticals`
--

INSERT INTO `task_verticals` (`task_vertical_id`, `task_vertical_name`) VALUES
(1, 'SEO'),
(2, 'Paid search'),
(3, 'Paid social'),
(4, 'Marketing automation'),
(5, 'Udvikling'),
(6, 'Tracking'),
(7, 'Content'),
(8, 'Dialog/møder'),
(9, 'Grafisk produktion'),
(10, 'E-mail marketing'),
(11, 'RTB / Display'),
(12, 'Data Science'),
(13, 'CRO'),
(14, 'Kampagner/kampagneplanning');

-- --------------------------------------------------------

--
-- Struktur-dump for tabellen `time_registrations`
--

CREATE TABLE `time_registrations` (
  `time_registration_id` int(11) NOT NULL,
  `time_registration_amount` decimal(11,2) NOT NULL,
  `time_registration_date` date NOT NULL,
  `task_id` int(11) NOT NULL,
  `person_id` int(11) NOT NULL,
  `time_registration_type_id` int(11) NOT NULL DEFAULT 1
) ENGINE=InnoDB DEFAULT CHARSET=latin1;

--
-- Data dump for tabellen `time_registrations`
--

INSERT INTO `time_registrations` (`time_registration_id`, `time_registration_amount`, `time_registration_date`, `task_id`, `person_id`, `time_registration_type_id`) VALUES
(6001, '0.50', '2022-05-03', 848, 40, 2),
(6002, '0.75', '2022-05-03', 1661, 40, 2),
(6003, '0.50', '2022-05-03', 1249, 46, 2),
(6005, '1.00', '2022-05-03', 1246, 27, 2),
(6006, '0.50', '2022-05-03', 788, 27, 2),
(6007, '0.25', '2022-05-03', 1237, 28, 2),
(6008, '1.50', '2022-05-03', 1247, 28, 2),
(6009, '0.75', '2022-05-02', 1247, 28, 2),
(6010, '1.25', '2022-05-03', 1250, 28, 2),
(6011, '1.75', '2022-04-28', 1183, 29, 2),
(6012, '2.00', '2022-04-28', 987, 29, 2),
(6013, '0.25', '2022-05-03', 1626, 40, 2),
(6014, '2.00', '2022-05-03', 1622, 2, 2),
(6015, '2.00', '2022-05-03', 1612, 2, 2),
(6016, '1.00', '2022-05-03', 1577, 2, 1),
(6017, '1.00', '2022-05-03', 1576, 2, 1),
(6018, '0.50', '2022-05-03', 1505, 40, 2),
(6019, '1.00', '2022-05-03', 1673, 2, 2),
(6020, '0.50', '2022-05-03', 779, 40, 2),
(6021, '0.50', '2022-05-03', 1443, 40, 2),
(6022, '1.00', '2022-05-03', 1670, 27, 1),
(6023, '0.50', '2022-05-03', 1509, 46, 2),
(6024, '1.00', '2022-05-03', 1595, 46, 2),
(6025, '1.00', '2022-05-03', 1674, 27, 1),
(6026, '0.50', '2022-05-03', 1235, 40, 2),
(6027, '3.00', '2022-05-03', 1447, 40, 2),
(6028, '0.50', '2022-05-03', 1635, 27, 1),
(6029, '0.50', '2022-05-03', 1589, 48, 2),
(6030, '1.00', '2022-05-03', 1466, 48, 2),
(6031, '0.50', '2022-05-03', 1625, 27, 1),
(6032, '0.50', '2022-05-03', 1290, 46, 2),
(6033, '0.50', '2022-05-03', 1292, 48, 2),
(6034, '0.50', '2022-05-03', 826, 46, 2),
(6035, '0.50', '2022-05-03', 1282, 27, 2),
(6036, '1.50', '2022-05-03', 1676, 46, 1),
(6037, '0.25', '2022-05-03', 1653, 40, 1),
(6038, '0.25', '2022-05-03', 1208, 25, 2),
(6039, '0.50', '2022-05-03', 790, 25, 2),
(6040, '0.50', '2022-05-03', 1498, 25, 2),
(6041, '0.50', '2022-05-03', 1583, 25, 2),
(6042, '0.50', '2022-05-03', 1291, 25, 2),
(6043, '1.00', '2022-05-03', 1493, 25, 2),
(6044, '1.00', '2022-05-03', 1204, 21, 2),
(6045, '1.00', '2022-05-03', 1237, 21, 2),
(6046, '3.75', '2022-05-03', 1469, 25, 2),
(6047, '0.25', '2022-05-03', 1285, 21, 2),
(6048, '0.75', '2022-05-03', 1586, 21, 2),
(6049, '2.00', '2022-05-03', 1554, 25, 2),
(6050, '1.50', '2022-05-03', 1604, 21, 1),
(6051, '1.25', '2022-05-03', 1608, 21, 1),
(6052, '1.50', '2022-05-03', 1610, 21, 1),
(6053, '1.25', '2022-05-03', 1280, 35, 2),
(6054, '2.50', '2022-05-03', 846, 35, 2),
(6055, '0.25', '2022-05-03', 1214, 35, 2),
(6056, '1.25', '2022-05-03', 1219, 35, 2),
(6057, '0.50', '2022-05-03', 1283, 35, 2),
(6058, '1.00', '2022-05-03', 1283, 35, 2),
(6059, '1.50', '2022-05-03', 0, 35, 4),
(6060, '2.50', '2022-05-03', 1634, 26, 2),
(6061, '1.00', '2022-05-03', 1593, 26, 2),
(6063, '0.50', '2022-05-03', 1251, 26, 2),
(6064, '1.00', '2022-05-03', 1308, 26, 1),
(6065, '0.50', '2022-05-03', 1499, 26, 2),
(6066, '1.50', '2022-05-03', 1649, 26, 1),
(6067, '0.50', '2022-05-03', 1620, 26, 2),
(6068, '1.00', '2022-05-03', 1504, 26, 2),
(6069, '0.50', '2022-05-03', 1393, 26, 1),
(6070, '1.00', '2022-05-03', 1636, 26, 2),
(6071, '1.50', '2022-05-02', 1556, 26, 2),
(6072, '0.75', '2022-05-02', 1403, 26, 1),
(6073, '1.50', '2022-05-02', 1649, 26, 1),
(6074, '1.00', '2022-05-02', 1504, 26, 2),
(6075, '0.50', '2022-05-02', 1557, 26, 2),
(6076, '1.00', '2022-05-02', 1636, 26, 2),
(6077, '1.00', '2022-05-02', 1401, 26, 1),
(6078, '0.50', '2022-05-02', 1620, 26, 2),
(6079, '0.50', '2022-05-02', 1393, 26, 1),
(6080, '0.75', '2022-05-04', 1447, 40, 2),
(6081, '2.00', '2022-05-04', 1676, 46, 1),
(6082, '0.75', '2022-05-04', 856, 40, 2),
(6083, '0.75', '2022-05-04', 1202, 40, 2),
(6085, '0.25', '2022-05-04', 1636, 27, 2),
(6086, '1.25', '2022-05-04', 1675, 27, 2),
(6087, '1.50', '2022-05-04', 891, 46, 2),
(6090, '1.00', '2022-05-04', 1661, 40, 2),
(6091, '0.25', '2022-05-04', 1443, 40, 2),
(6092, '0.25', '2022-05-04', 848, 40, 2),
(6093, '1.50', '2022-05-04', 1668, 27, 1),
(6094, '1.00', '2022-05-04', 1670, 27, 1),
(6095, '3.00', '2022-05-04', 995, 46, 2),
(6096, '0.50', '2022-05-04', 1677, 2, 2),
(6097, '1.00', '2022-05-04', 1673, 2, 2),
(6098, '1.50', '2022-05-04', 1577, 2, 1),
(6099, '2.00', '2022-05-04', 1612, 2, 2),
(6100, '0.50', '2022-05-04', 1581, 2, 2),
(6101, '1.00', '2022-05-04', 1576, 2, 1),
(6102, '0.50', '2022-05-04', 1594, 48, 2),
(6103, '3.00', '2022-05-04', 1611, 48, 2),
(6104, '0.50', '2022-05-04', 1576, 2, 1),
(6105, '1.00', '2022-05-04', 1678, 2, 2),
(6106, '0.50', '2022-05-04', 1497, 27, 2),
(6107, '1.50', '2022-05-04', 1625, 27, 1),
(6108, '0.50', '2022-05-04', 1495, 46, 2),
(6109, '0.50', '2022-05-04', 1529, 46, 2),
(6110, '1.00', '2022-05-04', 1196, 27, 2),
(6111, '0.50', '2022-05-04', 863, 28, 2),
(6112, '0.50', '2022-05-04', 1236, 28, 2),
(6113, '0.75', '2022-05-04', 1248, 28, 2),
(6114, '1.25', '2022-05-03', 1248, 28, 2),
(6115, '1.00', '2022-05-04', 1278, 28, 2),
(6116, '0.25', '2022-05-04', 1394, 28, 1),
(6117, '4.00', '2022-05-04', 1505, 40, 2),
(6118, '1.00', '2022-05-04', 1609, 46, 2),
(6119, '0.50', '2022-05-04', 1609, 46, 2),
(6120, '0.50', '2022-05-04', 1208, 25, 2),
(6121, '0.50', '2022-05-04', 1235, 25, 2),
(6122, '0.50', '2022-05-04', 861, 25, 2),
(6123, '0.50', '2022-05-04', 1593, 25, 2),
(6124, '1.25', '2022-05-04', 1493, 25, 2),
(6125, '0.50', '2022-05-04', 1603, 25, 2),
(6126, '1.00', '2022-05-04', 1583, 25, 2),
(6127, '0.50', '2022-05-04', 790, 25, 2),
(6128, '2.00', '2022-05-04', 1554, 25, 2),
(6129, '1.25', '2022-05-04', 1469, 25, 2),
(6130, '1.75', '2022-05-04', 1204, 21, 2),
(6131, '1.00', '2022-05-04', 1586, 21, 2),
(6132, '2.00', '2022-05-04', 1610, 21, 1),
(6133, '1.50', '2022-05-04', 1237, 21, 2),
(6134, '0.75', '2022-05-04', 1477, 21, 1),
(6135, '3.00', '2022-05-04', 1504, 35, 2),
(6136, '0.50', '2022-05-04', 1672, 35, 2),
(6137, '1.00', '2022-05-04', 1283, 35, 2),
(6138, '2.00', '2022-05-04', 1679, 35, 2),
(6139, '0.50', '2022-05-04', 1277, 35, 2),
(6140, '0.25', '2022-05-04', 917, 35, 2),
(6141, '0.25', '2022-05-04', 1280, 35, 2),
(6142, '0.50', '2022-05-04', 1616, 35, 2),
(6143, '0.25', '2022-05-04', 1237, 40, 2),
(6144, '1.00', '2022-05-05', 1226, 40, 2),
(6145, '0.50', '2022-05-05', 891, 46, 2),
(6146, '2.00', '2022-05-05', 1609, 46, 2),
(6147, '0.25', '2022-05-05', 1239, 40, 2),
(6148, '0.50', '2022-05-05', 1676, 46, 1),
(6149, '2.75', '2022-05-05', 1680, 40, 1),
(6151, '0.50', '2022-05-05', 1199, 27, 2),
(6152, '1.00', '2022-05-03', 1199, 27, 2),
(6154, '2.00', '2022-05-05', 1497, 27, 2),
(6156, '1.00', '2022-05-05', 1670, 27, 1),
(6157, '1.00', '2022-05-05', 1654, 40, 2),
(6158, '1.50', '2022-05-05', 1196, 27, 2),
(6159, '2.50', '2022-05-05', 1609, 46, 2),
(6160, '0.50', '2022-05-05', 1641, 46, 1),
(6161, '0.50', '2022-05-05', 1680, 40, 1),
(6162, '2.50', '2022-05-05', 1505, 40, 2),
(6163, '2.00', '2022-05-05', 855, 48, 2),
(6164, '1.00', '2022-05-05', 1292, 48, 2),
(6165, '1.25', '2022-05-05', 1466, 48, 2),
(6166, '0.75', '2022-05-05', 1494, 48, 2),
(6167, '0.50', '2022-05-05', 1328, 46, 2),
(6168, '2.00', '2022-05-05', 1576, 2, 1),
(6169, '4.00', '2022-05-05', 1577, 2, 1),
(6170, '0.50', '2022-05-05', 1677, 2, 2),
(6171, '0.50', '2022-05-05', 1612, 2, 2),
(6172, '0.50', '2022-05-05', 1581, 2, 2),
(6173, '2.75', '2022-05-05', 1586, 21, 2),
(6174, '1.00', '2022-05-05', 1608, 21, 1),
(6175, '1.50', '2022-05-05', 1613, 21, 1),
(6176, '1.50', '2022-05-05', 1628, 21, 1),
(6177, '1.00', '2022-05-05', 1640, 21, 1),
(6178, '1.50', '2022-05-05', 1679, 35, 2),
(6179, '0.25', '2022-05-05', 1214, 35, 2),
(6180, '6.25', '2022-05-05', 1504, 35, 2),
(6181, '1.00', '2022-05-05', 1308, 25, 1),
(6182, '2.00', '2022-05-05', 1566, 25, 2),
(6183, '1.00', '2022-05-05', 1469, 25, 2),
(6184, '5.00', '2022-05-05', 1583, 25, 2),
(6185, '8.00', '2022-05-02', 1, 29, 3),
(6187, '1.00', '2022-05-03', 1555, 29, 2),
(6188, '0.75', '2022-05-03', 1594, 29, 2),
(6189, '2.50', '2022-05-03', 1623, 29, 2),
(6190, '0.50', '2022-05-03', 1596, 29, 2),
(6191, '1.25', '2022-05-03', 1590, 29, 2),
(6192, '2.00', '2022-05-03', 1682, 29, 1),
(6193, '0.50', '2022-05-04', 1395, 29, 1),
(6194, '2.50', '2022-05-04', 1623, 29, 2),
(6195, '1.50', '2022-05-04', 1627, 29, 2),
(6196, '2.00', '2022-05-04', 1241, 29, 2),
(6197, '2.00', '2022-05-04', 1555, 29, 2),
(6198, '1.75', '2022-05-04', 1590, 29, 2),
(6199, '0.50', '2022-05-04', 1494, 29, 2),
(6200, '0.50', '2022-05-04', 1596, 29, 2),
(6201, '0.25', '2022-05-04', 1596, 29, 2),
(6202, '3.00', '2022-05-05', 1499, 29, 2),
(6203, '2.00', '2022-05-03', 1494, 29, 2),
(6204, '0.50', '2022-05-05', 1627, 29, 2),
(6205, '0.50', '2022-05-05', 1590, 29, 2),
(6206, '0.50', '2022-05-05', 1590, 29, 2),
(6207, '1.00', '2022-05-05', 1596, 29, 2),
(6208, '0.50', '2022-05-05', 1494, 29, 2),
(6209, '0.50', '2022-05-05', 1627, 29, 2),
(6210, '1.00', '2022-05-05', 606, 29, 1),
(6211, '0.75', '2022-05-05', 1475, 29, 1),
(6212, '1.50', '2022-05-05', 1511, 29, 2),
(6213, '0.50', '2022-05-04', 862, 48, 2),
(6215, '1.00', '2022-05-02', 1276, 48, 2),
(6216, '0.50', '2022-05-04', 1276, 48, 2),
(6217, '7.50', '2022-05-09', 1383, 48, 1),
(6218, '7.50', '2022-05-10', 1383, 48, 1),
(6219, '7.50', '2022-05-11', 1383, 48, 1),
(6220, '7.50', '2022-05-12', 1383, 48, 1),
(6221, '1.50', '2022-05-06', 1595, 46, 2),
(6222, '1.00', '2022-05-05', 1674, 27, 1),
(6223, '1.50', '2022-05-06', 1443, 40, 2),
(6224, '1.00', '2022-05-06', 1676, 46, 1),
(6225, '2.00', '2022-05-06', 1683, 27, 1),
(6226, '2.00', '2022-05-06', 1589, 48, 2),
(6227, '2.00', '2022-05-06', 855, 48, 2),
(6228, '5.00', '2022-05-06', 1609, 46, 2),
(6229, '3.75', '2022-05-06', 1627, 29, 2),
(6230, '3.00', '2022-05-06', 1638, 27, 1),
(6231, '1.00', '2022-05-06', 1466, 48, 2),
(6232, '0.50', '2022-05-04', 1684, 48, 2),
(6233, '2.00', '2022-05-06', 1626, 40, 2),
(6234, '0.25', '2022-05-06', 1636, 27, 2),
(6235, '0.50', '2022-05-06', 1199, 27, 2),
(6236, '2.50', '2022-05-06', 1443, 40, 2),
(6237, '1.75', '2022-05-06', 1680, 40, 1),
(6238, '1.25', '2022-05-06', 606, 29, 1),
(6239, '3.50', '2022-05-06', 1511, 29, 2),
(6240, '0.25', '2022-05-06', 1238, 35, 2),
(6241, '0.25', '2022-05-06', 846, 35, 2),
(6242, '0.50', '2022-05-06', 1277, 35, 2),
(6243, '0.25', '2022-05-06', 1219, 35, 2),
(6244, '1.75', '2022-05-06', 1679, 35, 2),
(6245, '0.25', '2022-05-06', 1616, 35, 2),
(6246, '0.50', '2022-05-06', 1280, 35, 2),
(6247, '2.00', '2022-05-06', 1504, 35, 2),
(6248, '0.50', '2022-05-06', 1214, 35, 2),
(6249, '1.50', '2022-05-06', 1672, 35, 2),
(6250, '2.50', '2022-05-06', 1561, 25, 2),
(6251, '1.00', '2022-05-06', 1469, 25, 2),
(6252, '1.00', '2022-05-06', 1583, 25, 2),
(6253, '1.00', '2022-05-06', 790, 25, 2),
(6254, '1.50', '2022-05-06', 1498, 25, 2),
(6255, '1.50', '2022-05-06', 1308, 25, 1),
(6256, '7.50', '2022-05-13', 1383, 48, 1),
(6257, '0.50', '2022-05-06', 1276, 48, 2),
(6258, '1.00', '2022-05-06', 1617, 48, 2),
(6259, '0.50', '2022-05-06', 1684, 48, 2),
(6260, '1.00', '2022-05-05', 1494, 48, 2),
(6261, '1.00', '2022-05-02', 1403, 24, 1),
(6262, '1.00', '2022-05-02', 1401, 24, 1),
(6263, '1.50', '2022-05-02', 1287, 24, 2),
(6264, '1.50', '2022-05-02', 847, 24, 2),
(6265, '1.00', '2022-05-02', 783, 24, 2),
(6266, '0.50', '2022-05-03', 847, 24, 2),
(6267, '0.50', '2022-05-03', 783, 24, 2),
(6268, '1.00', '2022-05-03', 1512, 24, 2),
(6269, '1.00', '2022-05-03', 1225, 24, 2),
(6270, '1.00', '2022-05-03', 1295, 24, 2),
(6271, '0.75', '2022-05-03', 1287, 24, 2),
(6272, '0.50', '2022-05-04', 855, 24, 2),
(6273, '0.75', '2022-05-04', 1206, 24, 2),
(6274, '0.75', '2022-05-04', 783, 24, 2),
(6275, '0.50', '2022-05-04', 862, 24, 2),
(6276, '1.50', '2022-05-04', 783, 24, 2),
(6277, '1.00', '2022-05-04', 1539, 24, 2),
(6278, '0.75', '2022-05-04', 1280, 24, 2),
(6279, '2.00', '2022-05-04', 606, 24, 1),
(6280, '2.00', '2022-05-05', 606, 24, 1),
(6281, '1.50', '2022-05-06', 606, 24, 1),
(6283, '3.00', '2022-05-05', 1300, 24, 1),
(6284, '0.50', '2022-05-05', 783, 24, 2),
(6285, '1.50', '2022-05-06', 1512, 24, 2),
(6286, '2.50', '2022-05-06', 1300, 24, 1),
(6287, '1.50', '2022-05-02', 1298, 24, 1),
(6288, '1.50', '2022-05-05', 1298, 24, 1),
(6289, '1.50', '2022-05-03', 1539, 24, 2),
(6290, '1.00', '2022-05-02', 1584, 24, 2),
(6291, '0.50', '2022-05-04', 1584, 24, 2),
(6292, '2.00', '2022-05-06', 1588, 24, 2),
(6293, '1.50', '2022-05-05', 1589, 24, 2),
(6294, '1.00', '2022-05-03', 1514, 24, 2),
(6295, '0.50', '2022-05-06', 606, 24, 1),
(6296, '0.50', '2022-05-03', 862, 24, 2),
(6301, '1.00', '2022-05-04', 1251, 26, 2),
(6302, '4.00', '2022-05-06', 1393, 26, 1),
(6303, '2.00', '2022-05-06', 1634, 26, 2),
(6304, '1.50', '2022-05-06', 1308, 26, 1),
(6306, '1.00', '2022-05-04', 1583, 26, 2),
(6310, '1.00', '2022-05-05', 1308, 26, 1),
(6311, '2.00', '2022-05-04', 1499, 26, 2),
(6312, '2.50', '2022-05-05', 1495, 26, 2),
(6313, '1.50', '2022-05-05', 1393, 26, 1),
(6315, '1.00', '2022-05-04', 1593, 26, 2),
(6316, '0.50', '2022-05-04', 1605, 26, 2),
(6317, '1.00', '2022-05-04', 1620, 26, 2),
(6318, '1.00', '2022-05-05', 1620, 26, 2),
(6319, '1.50', '2022-05-05', 1593, 26, 2),
(6320, '1.00', '2022-05-04', 1504, 26, 2),
(6321, '1.00', '2022-05-09', 1401, 40, 1),
(6322, '0.50', '2022-05-09', 856, 40, 2),
(6323, '0.25', '2022-05-09', 1443, 40, 2),
(6324, '2.00', '2022-05-09', 1443, 40, 2),
(6325, '1.00', '2022-05-09', 1401, 46, 1),
(6326, '7.00', '2022-05-09', 1645, 46, 2),
(6327, '1.50', '2022-05-09', 1653, 40, 1),
(6328, '1.00', '2022-05-09', 1639, 40, 1),
(6329, '1.25', '2022-05-09', 1680, 40, 1),
(6330, '3.00', '2022-05-09', 1677, 2, 2),
(6331, '1.00', '2022-05-09', 1401, 2, 1),
(6332, '1.50', '2022-05-09', 1576, 2, 1),
(6333, '0.50', '2022-05-09', 1581, 2, 2),
(6334, '0.50', '2022-05-09', 1612, 2, 2),
(6335, '0.50', '2022-05-09', 1577, 2, 1),
(6336, '0.25', '2022-05-09', 1673, 2, 2),
(6337, '0.25', '2022-05-09', 1673, 2, 2),
(6338, '1.00', '2022-05-09', 1204, 21, 2),
(6339, '2.50', '2022-05-09', 1587, 21, 2),
(6340, '2.50', '2022-05-09', 1608, 21, 1),
(6342, '1.50', '2022-05-06', 1477, 21, 1),
(6343, '1.50', '2022-05-06', 1204, 21, 2),
(6344, '2.50', '2022-05-06', 1586, 21, 2),
(6345, '0.50', '2022-05-06', 1604, 21, 1),
(6346, '1.00', '2022-05-09', 1401, 25, 1),
(6347, '1.00', '2022-05-09', 1498, 25, 2),
(6348, '5.00', '2022-05-09', 1566, 25, 2),
(6349, '1.50', '2022-05-09', 1561, 25, 2),
(6350, '0.75', '2022-05-09', 1283, 35, 2),
(6351, '1.00', '2022-05-09', 1401, 35, 1),
(6352, '0.25', '2022-05-09', 1280, 35, 2),
(6353, '0.25', '2022-05-09', 1238, 35, 2),
(6354, '0.25', '2022-05-09', 846, 35, 2),
(6355, '0.25', '2022-05-09', 1277, 35, 2),
(6356, '0.25', '2022-05-09', 1219, 35, 2),
(6357, '0.50', '2022-05-09', 1616, 35, 2),
(6358, '3.00', '2022-05-09', 1689, 35, 2),
(6359, '1.00', '2022-05-09', 1215, 35, 2),
(6360, '0.50', '2022-05-09', 1214, 35, 2),
(6361, '0.50', '2022-05-10', 1283, 40, 2),
(6362, '1.00', '2022-05-10', 1199, 27, 2),
(6364, '0.50', '2022-05-09', 1244, 27, 2),
(6365, '1.00', '2022-05-09', 788, 27, 2),
(6366, '2.50', '2022-05-10', 788, 27, 2),
(6367, '1.00', '2022-05-09', 1625, 27, 1),
(6368, '0.50', '2022-05-09', 1199, 27, 2),
(6369, '1.00', '2022-05-10', 1344, 2, 2),
(6370, '1.00', '2022-05-10', 1673, 2, 2),
(6371, '1.00', '2022-05-10', 1677, 2, 2),
(6372, '2.00', '2022-05-10', 1581, 2, 2),
(6373, '3.00', '2022-05-10', 1576, 2, 1),
(6374, '3.00', '2022-05-10', 1119, 40, 2),
(6375, '1.00', '2022-05-10', 1645, 46, 2),
(6376, '1.50', '2022-05-10', 1626, 46, 2),
(6377, '0.50', '2022-05-10', 1676, 46, 1),
(6378, '0.75', '2022-05-09', 1252, 28, 2),
(6379, '1.00', '2022-05-09', 1401, 28, 1),
(6380, '0.75', '2022-05-09', 1403, 28, 1),
(6381, '0.75', '2022-05-13', 1236, 28, 2),
(6382, '0.50', '2022-05-10', 1247, 28, 2),
(6383, '0.75', '2022-05-09', 1247, 28, 2),
(6384, '1.00', '2022-05-09', 1394, 28, 1),
(6385, '1.50', '2022-05-10', 1394, 28, 1),
(6386, '0.50', '2022-05-10', 1643, 28, 1),
(6387, '2.00', '2022-05-06', 1474, 28, 1),
(6388, '4.00', '2022-05-09', 1606, 28, 1),
(6389, '4.00', '2022-05-10', 1606, 28, 1),
(6390, '0.50', '2022-05-05', 1690, 28, 1),
(6391, '0.75', '2022-05-03', 1691, 28, 1),
(6392, '1.00', '2022-05-06', 1691, 28, 1),
(6393, '3.75', '2022-05-11', 1394, 28, 1),
(6394, '1.00', '2022-05-10', 1687, 27, 1),
(6395, '0.25', '2022-05-10', 1680, 40, 1),
(6396, '1.75', '2022-05-07', 1665, 28, 1),
(6397, '0.50', '2022-05-06', 1665, 28, 1),
(6399, '0.50', '2022-05-10', 891, 46, 2),
(6400, '3.00', '2022-05-10', 1505, 40, 2),
(6403, '0.50', '2022-05-10', 1246, 27, 2),
(6404, '0.25', '2022-05-10', 1239, 40, 2),
(6405, '0.50', '2022-05-10', 1675, 27, 2),
(6406, '0.50', '2022-05-10', 1674, 27, 1),
(6407, '2.00', '2022-05-10', 1693, 27, 2),
(6408, '3.50', '2022-05-10', 1692, 46, 1),
(6409, '0.25', '2022-05-10', 1117, 40, 2),
(6410, '1.00', '2022-05-10', 1583, 25, 2),
(6411, '1.00', '2022-05-10', 1593, 25, 2),
(6412, '1.00', '2022-05-10', 1504, 25, 2),
(6413, '5.00', '2022-05-10', 1557, 25, 2),
(6414, '0.50', '2022-05-10', 1569, 25, 2),
(6415, '1.00', '2022-05-10', 1284, 46, 2),
(6416, '0.50', '2022-05-10', 1529, 46, 2),
(6417, '0.25', '2022-05-11', 1443, 40, 2),
(6418, '2.00', '2022-05-11', 826, 46, 2),
(6419, '3.50', '2022-05-11', 1692, 46, 1),
(6420, '1.00', '2022-05-11', 1675, 27, 2),
(6421, '1.00', '2022-05-11', 1687, 27, 1),
(6422, '3.00', '2022-05-11', 1683, 27, 1),
(6423, '2.00', '2022-05-11', 975, 46, 2),
(6424, '3.00', '2022-05-11', 1581, 2, 2),
(6425, '2.75', '2022-05-11', 1680, 40, 1),
(6426, '8.00', '2022-05-27', 0, 40, 4),
(6427, '3.00', '2022-05-11', 1673, 2, 2),
(6428, '0.50', '2022-05-11', 1677, 2, 2),
(6429, '1.00', '2022-05-11', 1577, 2, 1),
(6430, '0.50', '2022-05-11', 1244, 27, 2),
(6431, '0.50', '2022-05-11', 1625, 27, 1),
(6432, '1.00', '2022-05-11', 1693, 27, 2),
(6433, '2.50', '2022-05-11', 1680, 40, 1),
(6434, '1.00', '2022-05-09', 1594, 29, 2),
(6435, '0.75', '2022-05-09', 1401, 29, 1),
(6436, '0.75', '2022-05-09', 1594, 29, 2),
(6437, '2.00', '2022-05-09', 1395, 29, 1),
(6438, '2.00', '2022-05-09', 1555, 29, 2),
(6439, '1.00', '2022-05-09', 1627, 29, 2),
(6440, '1.00', '2022-05-09', 1403, 29, 1),
(6441, '1.00', '2022-05-10', 1466, 29, 2),
(6442, '2.00', '2022-05-10', 1555, 29, 2),
(6443, '1.50', '2022-05-10', 1395, 29, 1),
(6444, '0.75', '2022-05-10', 1594, 29, 2),
(6445, '1.50', '2022-05-10', 1590, 29, 2),
(6446, '0.75', '2022-05-10', 1594, 29, 2),
(6447, '1.50', '2022-05-10', 1590, 29, 2),
(6448, '0.50', '2022-05-11', 1637, 29, 1),
(6449, '1.25', '2022-05-11', 1596, 29, 2),
(6450, '4.00', '2022-05-11', 1588, 29, 2),
(6451, '0.50', '2022-05-11', 1590, 29, 2),
(6452, '0.75', '2022-05-11', 1556, 29, 2),
(6453, '2.50', '2022-05-11', 1505, 40, 2),
(6454, '0.75', '2022-05-11', 1653, 40, 1),
(6455, '1.00', '2022-05-11', 1561, 25, 2),
(6456, '3.00', '2022-05-11', 1583, 25, 2),
(6457, '4.00', '2022-05-11', 1469, 25, 2),
(6458, '2.00', '2022-05-12', 1645, 46, 2),
(6459, '1.25', '2022-05-10', 1587, 21, 2),
(6460, '1.00', '2022-05-11', 1587, 21, 2),
(6461, '1.50', '2022-05-11', 1604, 21, 1),
(6462, '4.25', '2022-05-11', 1608, 21, 1),
(6463, '1.00', '2022-05-10', 1610, 21, 1),
(6464, '2.50', '2022-05-10', 1640, 21, 1),
(6465, '2.00', '2022-05-10', 1628, 21, 1),
(6466, '0.50', '2022-05-11', 1614, 21, 1),
(6467, '0.75', '2022-05-10', 1204, 21, 2),
(6468, '0.50', '2022-05-11', 1604, 21, 1),
(6469, '4.00', '2022-05-12', 1667, 46, 2),
(6470, '0.75', '2022-05-12', 1587, 21, 2),
(6471, '1.00', '2022-05-12', 1610, 21, 1),
(6472, '2.75', '2022-05-12', 1653, 40, 1),
(6473, '0.50', '2022-05-12', 1505, 40, 2),
(6474, '2.00', '2022-05-12', 788, 27, 2),
(6475, '2.00', '2022-05-12', 1687, 27, 1),
(6476, '1.00', '2022-05-12', 1202, 40, 2),
(6477, '0.25', '2022-05-12', 1239, 40, 2),
(6478, '1.00', '2022-05-12', 1117, 40, 2),
(6479, '2.00', '2022-05-12', 1654, 40, 2),
(6480, '2.00', '2022-05-12', 1667, 46, 2),
(6481, '2.00', '2022-05-12', 1204, 21, 2),
(6482, '0.50', '2022-05-12', 1608, 21, 1),
(6483, '2.50', '2022-05-12', 1477, 21, 1),
(6484, '0.75', '2022-05-12', 1618, 21, 1),
(6485, '2.00', '2022-05-12', 790, 25, 2),
(6486, '2.00', '2022-05-12', 1291, 25, 2),
(6487, '2.00', '2022-05-12', 1469, 25, 2),
(6488, '2.00', '2022-05-12', 1561, 25, 2),
(6489, '2.00', '2022-05-09', 1393, 26, 1),
(6490, '1.00', '2022-05-09', 1401, 26, 1),
(6491, '1.00', '2022-05-09', 1251, 26, 2),
(6492, '1.00', '2022-05-11', 1251, 26, 2),
(6493, '0.50', '2022-05-12', 1620, 26, 2),
(6494, '1.00', '2022-05-12', 1664, 26, 2),
(6495, '1.50', '2022-05-11', 1593, 26, 2),
(6496, '0.50', '2022-05-12', 1593, 26, 2),
(6497, '0.50', '2022-05-11', 1568, 26, 2),
(6498, '0.50', '2022-05-11', 1563, 26, 2),
(6499, '2.50', '2022-05-10', 1504, 26, 2),
(6500, '0.50', '2022-05-12', 1504, 26, 2),
(6501, '2.00', '2022-05-12', 1645, 26, 2),
(6502, '2.00', '2022-05-11', 1645, 26, 2),
(6503, '1.00', '2022-05-12', 1641, 26, 1),
(6504, '2.00', '2022-05-10', 1393, 26, 1),
(6505, '1.50', '2022-05-10', 1393, 26, 1),
(6506, '1.00', '2022-05-10', 1593, 26, 2),
(6507, '0.50', '2022-05-10', 1634, 26, 2),
(6508, '1.00', '2022-05-09', 1636, 26, 2),
(6509, '1.00', '2022-05-09', 1403, 26, 1),
(6510, '0.50', '2022-05-09', 1619, 26, 2),
(6511, '1.00', '2022-05-13', 1649, 26, 1),
(6512, '2.50', '2022-05-12', 1393, 26, 1),
(6513, '3.00', '2022-05-11', 1393, 26, 1),
(6514, '0.50', '2022-05-11', 1563, 26, 2),
(6515, '0.50', '2022-05-10', 1308, 26, 1),
(6516, '0.50', '2022-05-10', 1251, 26, 2),
(6517, '1.00', '2022-05-09', 1649, 26, 1),
(6518, '8.00', '2022-05-13', 0, 35, 4),
(6519, '0.75', '2022-05-10', 1280, 35, 2),
(6522, '0.75', '2022-05-10', 1689, 35, 2),
(6523, '0.50', '2022-05-10', 1283, 35, 2),
(6524, '0.50', '2022-05-10', 1679, 35, 2),
(6526, '2.00', '2022-05-10', 1672, 35, 2),
(6527, '0.50', '2022-05-10', 1672, 35, 2),
(6528, '2.50', '2022-05-10', 1663, 35, 2),
(6529, '0.25', '2022-05-10', 1616, 35, 2),
(6530, '0.25', '2022-05-10', 1695, 35, 1),
(6531, '3.75', '2022-05-11', 1696, 35, 1),
(6532, '1.00', '2022-05-11', 1280, 35, 2),
(6533, '0.25', '2022-05-11', 1616, 35, 2),
(6534, '0.50', '2022-05-11', 1238, 35, 2),
(6535, '0.25', '2022-05-11', 846, 35, 2),
(6536, '0.50', '2022-05-11', 1277, 35, 2),
(6537, '0.50', '2022-05-11', 1219, 35, 2),
(6538, '0.50', '2022-05-11', 1219, 35, 2),
(6539, '1.00', '2022-05-11', 1672, 35, 2),
(6540, '1.75', '2022-05-12', 1663, 35, 2),
(6541, '1.00', '2022-05-12', 1695, 35, 1),
(6542, '0.75', '2022-05-12', 1306, 35, 1),
(6543, '0.75', '2022-05-12', 1504, 35, 2),
(6544, '2.50', '2022-05-12', 1663, 35, 2),
(6545, '0.25', '2022-05-12', 1219, 35, 2),
(6546, '1.00', '2022-05-12', 1695, 35, 1),
(6547, '7.50', '2022-05-20', 1383, 48, 1),
(6548, '7.50', '2022-05-23', 1383, 48, 1),
(6549, '6.00', '2022-05-15', 1585, 29, 2),
(6550, '1.50', '2022-05-15', 1395, 29, 1),
(6551, '2.50', '2022-05-15', 1241, 29, 2),
(6552, '1.00', '2022-05-11', 1395, 29, 1),
(6553, '2.50', '2022-05-12', 1395, 29, 1),
(6554, '3.00', '2022-05-12', 1585, 29, 2),
(6555, '0.75', '2022-05-12', 1596, 29, 2),
(6556, '0.75', '2022-05-12', 1637, 29, 1),
(6557, '1.00', '2022-05-12', 1555, 29, 2),
(6558, '0.50', '2022-05-12', 1276, 29, 2),
(6559, '8.00', '2022-05-13', 0, 29, 4),
(6560, '8.00', '2022-05-13', 0, 24, 4),
(6561, '1.00', '2022-05-09', 1401, 24, 1),
(6562, '1.00', '2022-05-09', 1403, 24, 1),
(6563, '3.50', '2022-05-09', 1558, 24, 2),
(6564, '1.50', '2022-05-10', 1569, 24, 2),
(6565, '1.50', '2022-05-09', 1300, 24, 1),
(6566, '2.25', '2022-05-11', 1300, 24, 1),
(6567, '2.00', '2022-05-10', 1300, 24, 1),
(6568, '1.00', '2022-05-11', 1300, 24, 1),
(6570, '1.00', '2022-05-10', 1584, 24, 2),
(6573, '1.50', '2022-05-11', 1697, 24, 1),
(6574, '1.50', '2022-05-11', 1289, 24, 2),
(6575, '1.00', '2022-05-11', 1287, 24, 2),
(6580, '1.00', '2022-05-11', 783, 24, 2),
(6582, '1.50', '2022-05-12', 783, 24, 2),
(6583, '0.75', '2022-05-12', 1225, 24, 2),
(6584, '2.50', '2022-05-12', 1584, 24, 2),
(6585, '1.50', '2022-05-10', 1539, 24, 2),
(6586, '1.50', '2022-05-09', 1502, 24, 2),
(6587, '2.00', '2022-05-12', 1298, 24, 1),
(6588, '1.00', '2022-05-10', 855, 24, 2),
(6589, '1.00', '2022-05-10', 847, 24, 2),
(6590, '0.50', '2022-05-12', 847, 24, 2),
(6591, '1.00', '2022-05-12', 1220, 24, 2),
(6592, '0.75', '2022-05-10', 1283, 24, 2),
(6593, '4.00', '2022-05-12', 1673, 2, 2),
(6594, '8.00', '2022-05-10', 1, 30, 3),
(6595, '1.00', '2022-05-12', 1351, 2, 1),
(6596, '8.00', '2022-05-11', 1, 30, 3),
(6597, '8.00', '2022-05-12', 1, 30, 3),
(6598, '1.00', '2022-05-12', 1577, 2, 1),
(6599, '4.00', '2022-05-09', 1, 30, 3),
(6600, '1.00', '2022-05-12', 1688, 2, 1),
(6601, '2.00', '2022-05-16', 1248, 28, 2),
(6602, '1.50', '2022-05-13', 1278, 28, 2),
(6603, '1.00', '2022-05-16', 1401, 28, 1),
(6604, '0.75', '2022-05-16', 1403, 28, 1),
(6605, '1.00', '2022-05-16', 1199, 27, 2),
(6606, '0.50', '2022-05-16', 1199, 27, 2),
(6607, '0.50', '2022-05-16', 1199, 27, 2),
(6608, '1.00', '2022-05-16', 1401, 27, 1),
(6609, '1.00', '2022-05-12', 1625, 27, 1),
(6610, '0.50', '2022-05-12', 1245, 27, 2),
(6611, '0.50', '2022-05-12', 1244, 27, 2),
(6612, '1.00', '2022-05-12', 1668, 27, 1),
(6613, '1.00', '2022-05-16', 1346, 2, 2);

-- --------------------------------------------------------

--
-- Struktur-dump for tabellen `time_registrations_subtasks`
--

CREATE TABLE `time_registrations_subtasks` (
  `time_registration_id` int(11) NOT NULL,
  `time_registration_amount` int(11) NOT NULL,
  `time_registration_date` varchar(255) NOT NULL,
  `sub_task_id` int(11) NOT NULL,
  `person_id` int(11) NOT NULL,
  `time_registration_type_id` int(11) NOT NULL
) ENGINE=InnoDB DEFAULT CHARSET=latin1;

--
-- Data dump for tabellen `time_registrations_subtasks`
--

INSERT INTO `time_registrations_subtasks` (`time_registration_id`, `time_registration_amount`, `time_registration_date`, `sub_task_id`, `person_id`, `time_registration_type_id`) VALUES
(4, 1, '2022-03-23', 4, 2, 1),
(5, 1, '2022-03-23', 5, 2, 2),
(6, 2, '2022-03-23', 6, 2, 1),
(7, 1, '2022-05-05', 17, 27, 2),
(8, 1, '2022-05-03', 15, 27, 2),
(9, 1, '2022-05-03', 16, 27, 2),
(10, 1, '2022-05-06', 15, 27, 2),
(11, 1, '2022-05-10', 15, 27, 2),
(12, 1, '2022-05-10', 16, 27, 2),
(13, 1, '2022-05-09', 16, 27, 2),
(14, 1, '2022-05-16', 16, 27, 2),
(15, 1, '2022-05-16', 16, 27, 2),
(16, 1, '2022-05-16', 17, 27, 2);

-- --------------------------------------------------------

--
-- Struktur-dump for tabellen `time_registration_types`
--

CREATE TABLE `time_registration_types` (
  `id` int(11) NOT NULL,
  `time_registration_type_id` int(11) NOT NULL,
  `time_registration_type_name` varchar(255) NOT NULL
) ENGINE=InnoDB DEFAULT CHARSET=latin1;

--
-- Data dump for tabellen `time_registration_types`
--

INSERT INTO `time_registration_types` (`id`, `time_registration_type_id`, `time_registration_type_name`) VALUES
(1, 1, 'Intern tid'),
(2, 2, 'Kundetid'),
(3, 3, 'Sygedag'),
(4, 4, 'Ferie/fri');

--
-- Begrænsninger for dumpede tabeller
--

--
-- Indeks for tabel `customers`
--
ALTER TABLE `customers`
  ADD PRIMARY KEY (`customer_id`),
  ADD UNIQUE KEY `customer_id_UNIQUE` (`customer_id`),
  ADD UNIQUE KEY `customer_cvr_UNIQUE` (`customer_cvr`);

--
-- Indeks for tabel `customers_projects`
--
ALTER TABLE `customers_projects`
  ADD PRIMARY KEY (`customer_project_id`);

--
-- Indeks for tabel `customer_sprint_notes`
--
ALTER TABLE `customer_sprint_notes`
  ADD PRIMARY KEY (`customer_sprint_noteid`);

--
-- Indeks for tabel `groups`
--
ALTER TABLE `groups`
  ADD PRIMARY KEY (`group_id`);

--
-- Indeks for tabel `group_persons`
--
ALTER TABLE `group_persons`
  ADD PRIMARY KEY (`group_persons_id`);

--
-- Indeks for tabel `invoice_tasks`
--
ALTER TABLE `invoice_tasks`
  ADD PRIMARY KEY (`invoice_task_id`);

--
-- Indeks for tabel `labels`
--
ALTER TABLE `labels`
  ADD PRIMARY KEY (`label_id`);

--
-- Indeks for tabel `persons`
--
ALTER TABLE `persons`
  ADD PRIMARY KEY (`person_id`),
  ADD UNIQUE KEY `person_id_UNIQUE` (`person_id`),
  ADD UNIQUE KEY `person_email_UNIQUE` (`person_email`);

--
-- Indeks for tabel `projects`
--
ALTER TABLE `projects`
  ADD PRIMARY KEY (`project_id`),
  ADD UNIQUE KEY `project_id_UNIQUE` (`project_id`);

--
-- Indeks for tabel `sprints`
--
ALTER TABLE `sprints`
  ADD PRIMARY KEY (`sprint_id`),
  ADD UNIQUE KEY `sprint_id_UNIQUE` (`sprint_id`);

--
-- Indeks for tabel `sub_tasks`
--
ALTER TABLE `sub_tasks`
  ADD PRIMARY KEY (`sub_task_id`);

--
-- Indeks for tabel `tasks`
--
ALTER TABLE `tasks`
  ADD PRIMARY KEY (`task_id`),
  ADD UNIQUE KEY `task_id_UNIQUE` (`task_id`);

--
-- Indeks for tabel `task_persons`
--
ALTER TABLE `task_persons`
  ADD PRIMARY KEY (`task_person_id`),
  ADD UNIQUE KEY `task_person_id_UNIQUE` (`task_person_id`);

--
-- Indeks for tabel `task_types`
--
ALTER TABLE `task_types`
  ADD PRIMARY KEY (`task_type_id`);

--
-- Indeks for tabel `task_verticals`
--
ALTER TABLE `task_verticals`
  ADD PRIMARY KEY (`task_vertical_id`);

--
-- Indeks for tabel `time_registrations`
--
ALTER TABLE `time_registrations`
  ADD PRIMARY KEY (`time_registration_id`),
  ADD UNIQUE KEY `idtime_registration_id_UNIQUE` (`time_registration_id`);

--
-- Indeks for tabel `time_registrations_subtasks`
--
ALTER TABLE `time_registrations_subtasks`
  ADD PRIMARY KEY (`time_registration_id`);

--
-- Indeks for tabel `time_registration_types`
--
ALTER TABLE `time_registration_types`
  ADD PRIMARY KEY (`id`);

--
-- Brug ikke AUTO_INCREMENT for slettede tabeller
--

--
-- Tilføj AUTO_INCREMENT i tabel `customers`
--
ALTER TABLE `customers`
  MODIFY `customer_id` int(11) NOT NULL AUTO_INCREMENT, AUTO_INCREMENT=78;

--
-- Tilføj AUTO_INCREMENT i tabel `customers_projects`
--
ALTER TABLE `customers_projects`
  MODIFY `customer_project_id` int(11) NOT NULL AUTO_INCREMENT, AUTO_INCREMENT=6;

--
-- Tilføj AUTO_INCREMENT i tabel `customer_sprint_notes`
--
ALTER TABLE `customer_sprint_notes`
  MODIFY `customer_sprint_noteid` int(11) NOT NULL AUTO_INCREMENT, AUTO_INCREMENT=39;

--
-- Tilføj AUTO_INCREMENT i tabel `groups`
--
ALTER TABLE `groups`
  MODIFY `group_id` int(11) NOT NULL AUTO_INCREMENT, AUTO_INCREMENT=14;

--
-- Tilføj AUTO_INCREMENT i tabel `group_persons`
--
ALTER TABLE `group_persons`
  MODIFY `group_persons_id` int(11) NOT NULL AUTO_INCREMENT, AUTO_INCREMENT=52;

--
-- Tilføj AUTO_INCREMENT i tabel `invoice_tasks`
--
ALTER TABLE `invoice_tasks`
  MODIFY `invoice_task_id` int(11) NOT NULL AUTO_INCREMENT, AUTO_INCREMENT=6;

--
-- Tilføj AUTO_INCREMENT i tabel `labels`
--
ALTER TABLE `labels`
  MODIFY `label_id` int(11) NOT NULL AUTO_INCREMENT, AUTO_INCREMENT=9;

--
-- Tilføj AUTO_INCREMENT i tabel `persons`
--
ALTER TABLE `persons`
  MODIFY `person_id` int(11) NOT NULL AUTO_INCREMENT, AUTO_INCREMENT=50;

--
-- Tilføj AUTO_INCREMENT i tabel `projects`
--
ALTER TABLE `projects`
  MODIFY `project_id` int(11) NOT NULL AUTO_INCREMENT, AUTO_INCREMENT=3;

--
-- Tilføj AUTO_INCREMENT i tabel `sprints`
--
ALTER TABLE `sprints`
  MODIFY `sprint_id` int(11) NOT NULL AUTO_INCREMENT, AUTO_INCREMENT=10;

--
-- Tilføj AUTO_INCREMENT i tabel `sub_tasks`
--
ALTER TABLE `sub_tasks`
  MODIFY `sub_task_id` int(11) NOT NULL AUTO_INCREMENT, AUTO_INCREMENT=18;

--
-- Tilføj AUTO_INCREMENT i tabel `tasks`
--
ALTER TABLE `tasks`
  MODIFY `task_id` int(11) NOT NULL AUTO_INCREMENT, AUTO_INCREMENT=1698;

--
-- Tilføj AUTO_INCREMENT i tabel `task_persons`
--
ALTER TABLE `task_persons`
  MODIFY `task_person_id` int(11) NOT NULL AUTO_INCREMENT, AUTO_INCREMENT=2839;

--
-- Tilføj AUTO_INCREMENT i tabel `task_types`
--
ALTER TABLE `task_types`
  MODIFY `task_type_id` int(11) NOT NULL AUTO_INCREMENT, AUTO_INCREMENT=3;

--
-- Tilføj AUTO_INCREMENT i tabel `task_verticals`
--
ALTER TABLE `task_verticals`
  MODIFY `task_vertical_id` int(11) NOT NULL AUTO_INCREMENT, AUTO_INCREMENT=15;

--
-- Tilføj AUTO_INCREMENT i tabel `time_registrations`
--
ALTER TABLE `time_registrations`
  MODIFY `time_registration_id` int(11) NOT NULL AUTO_INCREMENT, AUTO_INCREMENT=6614;

--
-- Tilføj AUTO_INCREMENT i tabel `time_registrations_subtasks`
--
ALTER TABLE `time_registrations_subtasks`
  MODIFY `time_registration_id` int(11) NOT NULL AUTO_INCREMENT, AUTO_INCREMENT=17;

--
-- Tilføj AUTO_INCREMENT i tabel `time_registration_types`
--
ALTER TABLE `time_registration_types`
  MODIFY `id` int(11) NOT NULL AUTO_INCREMENT, AUTO_INCREMENT=5;
COMMIT;

/*!40101 SET CHARACTER_SET_CLIENT=@OLD_CHARACTER_SET_CLIENT */;
/*!40101 SET CHARACTER_SET_RESULTS=@OLD_CHARACTER_SET_RESULTS */;
/*!40101 SET COLLATION_CONNECTION=@OLD_COLLATION_CONNECTION */;
